date,PM25,n_PM25_sites,O3,n_O3_sites,NO2,n_NO2_sites,TEMP,n_TEMP_sites,WIND,n_WIND_sites,O3_max,n_O3_max_sites,PM25_max,n_PM25_max_sites
2021-01-01,18.575,12.0,23.67178947368421,38.0,10.297502242424242,33.0,54.82675915555556,45.0,3.9989583250000003,40.0,38.176,38.0,103.2,12.0
2021-01-02,11.858333333333334,12.0,22.18421052631579,38.0,15.823550787878789,33.0,51.909166733333336,45.0,2.1367708,40.0,41.175999999999995,38.0,22.8,12.0
2021-01-03,15.125,12.0,21.33592105263158,38.0,14.653623181818181,33.0,51.58722222222222,45.0,1.825729225,40.0,40.353,38.0,28.6,12.0
2021-01-04,14.988888923076924,13.0,20.11855,40.0,18.97667081818182,33.0,52.963433088888884,45.0,2.19209935,40.0,42.235,40.0,33.9,13.0
2021-01-05,18.361538461538462,13.0,17.929475,40.0,21.119437393939393,33.0,53.68703702222222,45.0,2.209284425,40.0,41.175999999999995,40.0,48.3,13.0
2021-01-06,14.215384615384616,13.0,17.214775,40.0,24.556834393939393,33.0,55.58997486666666,45.0,2.10979165,40.0,40.353,40.0,30.3,13.0
2021-01-07,13.515384615384615,13.0,16.47235,40.0,25.73637912121212,33.0,55.07192762222222,45.0,2.185217775,40.0,40.412,40.0,27.1,13.0
2021-01-08,15.146153846153847,13.0,20.09651219512195,41.0,25.634326878787878,33.0,54.84833337777778,45.0,2.54802085,40.0,44.588,41.0,33.5,13.0
2021-01-09,13.507692307692308,13.0,28.106121951219514,41.0,17.133821848484846,33.0,55.709722222222226,45.0,4.112812525000001,40.0,42.0,41.0,30.4,13.0
2021-01-10,8.901098923076923,13.0,23.32707317073171,41.0,15.745476484848485,33.0,54.32009264444444,45.0,2.5533333750000002,40.0,37.765,41.0,18.7,13.0
2021-01-11,9.179166666666667,12.0,22.73470731707317,41.0,20.15281296969697,33.0,55.138122911111104,45.0,2.9681818,40.0,40.882000000000005,41.0,18.7,12.0
2021-01-12,10.654166666666667,12.0,19.224097560975608,41.0,24.4338983030303,33.0,53.71530197777778,45.0,2.176089025,40.0,40.940999999999995,41.0,19.5,12.0
2021-01-13,13.466666666666667,12.0,17.753756097560977,41.0,26.764184636363634,33.0,57.28944448888888,45.0,2.245312525,40.0,41.529,41.0,22.8,12.0
2021-01-14,10.717948692307694,13.0,25.756390243902437,41.0,21.3917326875,32.0,65.5712266888889,45.0,4.1685417000000005,40.0,40.882000000000005,41.0,27.9,13.0
2021-01-15,8.861538461538462,13.0,23.814325,40.0,20.41007896969697,33.0,69.62468662222221,45.0,4.15932695,40.0,41.412,40.0,25.7,13.0
2021-01-16,11.161538461538461,13.0,27.683875,40.0,20.117133303030304,33.0,66.7911111111111,45.0,3.5398958,40.0,39.118,40.0,29.9,13.0
2021-01-17,8.984615384615385,13.0,25.495048780487807,41.0,16.0128000625,32.0,66.23574075555555,45.0,3.0697917,40.0,43.294,41.0,27.0,13.0
2021-01-18,9.392307692307693,13.0,28.679425,40.0,18.96438515625,32.0,60.903611177777776,45.0,3.28875005,40.0,41.76499999999999,40.0,21.3,13.0
2021-01-19,7.961538461538462,13.0,33.410025000000005,40.0,6.25495009375,32.0,56.09920875555556,45.0,7.028204049999999,40.0,44.077,40.0,23.7,13.0
2021-01-20,4.815384615384615,13.0,23.88195,40.0,8.82518121875,32.0,59.76824884444444,45.0,5.207437475,40.0,35.588,40.0,8.8,13.0
2021-01-21,8.023076923076923,13.0,22.83126829268293,41.0,17.57873190625,32.0,58.2009258888889,45.0,2.7815171538461536,39.0,39.412000000000006,41.0,12.8,13.0
2021-01-22,8.376923076923077,13.0,32.14470731707317,41.0,11.901768593749999,32.0,52.94666673333333,45.0,3.8930555128205127,39.0,42.647,41.0,16.2,13.0
2021-01-23,4.8538461538461535,13.0,24.965560975609755,41.0,9.16860278125,32.0,46.920555577777776,45.0,2.4535368205128205,39.0,38.587999999999994,41.0,8.6,13.0
2021-01-24,7.361538461538462,13.0,31.723073170731706,41.0,8.074535718749999,32.0,47.76392038636364,44.0,2.8864316153846152,39.0,37.471,41.0,15.1,13.0
2021-01-25,4.269230769230769,13.0,29.42229268292683,41.0,7.08468659375,32.0,44.615791244444445,45.0,4.811334435897436,39.0,41.294,41.0,6.7,13.0
2021-01-26,6.486734714285714,14.0,26.207048780487806,41.0,14.073415424242425,33.0,43.81723017777777,45.0,2.6243879487179487,39.0,39.471,41.0,10.5,14.0
2021-01-27,6.242857142857143,14.0,26.403731707317075,41.0,13.354037303030305,33.0,47.862963022222225,45.0,3.0178418205128206,39.0,41.471000000000004,41.0,11.3,14.0
2021-01-28,6.914285714285714,14.0,34.36926829268293,41.0,13.42500003030303,33.0,50.91509257777778,45.0,3.3842948974358977,39.0,44.0,41.0,11.7,14.0
2021-01-29,4.314285714285714,14.0,22.939731707317073,41.0,10.362569303030304,33.0,47.19861111111111,45.0,2.848931641025641,39.0,37.235,41.0,11.1,14.0
2021-01-30,8.464285714285714,14.0,24.134829268292684,41.0,13.767912787878787,33.0,48.77568515555556,45.0,2.0575854871794874,39.0,40.294000000000004,41.0,16.0,14.0
2021-01-31,8.614285714285714,14.0,25.377341463414634,41.0,14.21192915151515,33.0,54.08759264444444,45.0,2.6586538974358978,39.0,39.882,41.0,15.7,14.0
2021-02-01,8.285714285714286,14.0,15.328,40.0,23.471610666666667,33.0,59.12354702222222,45.0,1.8821581282051283,39.0,40.059,40.0,19.7,14.0
2021-02-02,8.607142857142858,14.0,19.888275,40.0,20.28596190625,32.0,61.023554688888886,45.0,2.342437769230769,39.0,33.235,40.0,21.9,14.0
2021-02-03,8.8,14.0,25.204756097560974,41.0,16.263256375,32.0,57.48276786666666,45.0,3.0301682249999997,40.0,40.353,41.0,18.7,14.0
2021-02-04,8.2,14.0,26.126475,40.0,14.643714375,32.0,54.687230355555556,45.0,3.1624583,40.0,48.588,40.0,17.0,14.0
2021-02-05,12.19650346153846,13.0,23.732923076923075,39.0,21.4944609375,32.0,55.98334193181818,44.0,2.4851980512820515,39.0,43.528999999999996,39.0,22.8,13.0
2021-02-06,17.724999999999998,12.0,23.887875,40.0,21.87280290625,32.0,58.428409113636356,44.0,2.208226512820513,39.0,43.528999999999996,40.0,33.5,12.0
2021-02-07,16.04615383333333,12.0,30.68825,40.0,17.918975000000003,31.0,56.8817235,44.0,2.3347221794871795,39.0,52.706,40.0,27.4,12.0
2021-02-08,14.9703125,12.0,36.58525,40.0,16.232802,30.0,55.29748845454546,44.0,2.770619615384615,39.0,53.352999999999994,40.0,31.7,12.0
2021-02-09,13.11923076923077,13.0,29.535634146341465,41.0,12.890876258064516,31.0,54.153557400000004,45.0,2.393250775,40.0,43.882,41.0,27.0,13.0
2021-02-10,17.24155842857143,14.0,26.842048780487808,41.0,16.44077793939394,33.0,55.78084662222222,45.0,2.7742709000000003,40.0,44.941,41.0,35.181818,14.0
2021-02-11,18.72142857142857,14.0,35.898048780487805,41.0,18.844437606060605,33.0,57.001018555555554,45.0,2.83052085,40.0,47.118,41.0,43.4,14.0
2021-02-12,7.807142857142857,14.0,26.12221951219512,41.0,10.979891424242425,33.0,56.68824073333333,45.0,4.294791625,40.0,38.353,41.0,15.1,14.0
2021-02-13,9.192857142857141,14.0,33.551,41.0,10.33201421875,32.0,54.38175924444444,45.0,4.245208375,40.0,44.528999999999996,41.0,16.9,14.0
2021-02-14,5.942857142857143,14.0,32.19934146341463,41.0,6.9259624375,32.0,55.348796311111116,45.0,5.0722917,40.0,42.528999999999996,41.0,14.0,14.0
2021-02-15,8.528571428571428,14.0,29.271146341463414,41.0,13.7336185,32.0,53.3479714,45.0,2.706174225,40.0,41.882000000000005,41.0,15.5,14.0
2021-02-16,8.35,14.0,33.103756097560975,41.0,9.594043454545455,33.0,56.11704986666667,45.0,4.109486175,40.0,43.176,41.0,13.2,14.0
2021-02-17,8.564285714285715,14.0,33.87887804878049,41.0,11.915434843749999,32.0,53.93737995555556,45.0,4.2495387000000004,40.0,43.824000000000005,41.0,14.8,14.0
2021-02-18,5.257142857142858,14.0,28.232219512195122,41.0,12.537648484848484,33.0,54.576634399999996,45.0,4.4631629,40.0,42.941,41.0,14.4,14.0
2021-02-19,9.283333357142856,14.0,26.970170731707316,41.0,22.61692163636364,33.0,55.58215888888889,45.0,2.2531194,40.0,48.412,41.0,21.0,14.0
2021-02-20,10.607142857142858,14.0,35.034925,40.0,13.445531424242425,33.0,54.75009262222222,45.0,4.144687525,40.0,45.765,40.0,19.1,14.0
2021-02-21,5.957142857142857,14.0,33.2815,40.0,9.626339484848485,33.0,57.5043518,45.0,4.721458350000001,40.0,43.353,40.0,16.2,14.0
2021-02-22,5.042857142857143,14.0,26.071951219512197,41.0,15.516215363636364,33.0,61.20031746666667,45.0,3.9395833500000004,40.0,40.882000000000005,41.0,12.1,14.0
2021-02-23,7.278571428571429,14.0,27.007243902439026,41.0,21.05808981818182,33.0,61.443888933333334,45.0,2.786884125,40.0,45.352999999999994,41.0,15.8,14.0
2021-02-24,8.653968285714287,14.0,38.22368292682927,41.0,18.414350363636363,33.0,60.632875222222225,45.0,2.868218225,40.0,49.706,41.0,12.8,14.0
2021-02-25,11.35,14.0,32.34231707317073,41.0,12.185931242424243,33.0,56.4420258,45.0,4.995678075,40.0,46.294000000000004,41.0,16.4,14.0
2021-02-26,9.607142857142858,14.0,31.314195121951222,41.0,20.901297363636367,33.0,56.95148144444444,45.0,2.6410207249999997,40.0,48.705999999999996,41.0,16.9,14.0
2021-02-27,12.242857142857144,14.0,39.46768292682927,41.0,13.071608424242424,33.0,55.88407406666666,45.0,3.4840625000000003,40.0,47.588,41.0,22.1,14.0
2021-02-28,5.442857142857143,14.0,35.78334146341464,41.0,7.700669181818182,33.0,55.45009465909091,44.0,5.532585512820513,39.0,46.235,41.0,12.3,14.0
2021-03-01,5.021428571428571,14.0,29.849146341463417,41.0,16.455178636363637,33.0,55.49907404444445,45.0,3.3892083499999996,40.0,45.941,41.0,13.7,14.0
2021-03-02,6.357142857142857,14.0,31.61626829268293,41.0,18.974150424242424,33.0,57.30212964444445,45.0,2.96510425,40.0,50.412,41.0,13.9,14.0
2021-03-03,8.557142857142857,14.0,30.17012195121951,41.0,17.347109484848485,33.0,49.33861113333334,45.0,3.08260415,40.0,46.588,41.0,21.6,14.0
2021-03-04,7.542857142857143,14.0,29.082902439024387,41.0,16.009166909090908,33.0,54.18227871111111,45.0,2.313127725,40.0,50.588,41.0,15.9,14.0
2021-03-05,9.857142857142858,14.0,34.055878048780485,41.0,19.255283818181816,33.0,60.459907400000006,45.0,2.77854165,40.0,50.412,41.0,20.1,14.0
2021-03-06,8.77142857142857,14.0,36.41036585365854,41.0,11.770208454545454,33.0,58.762222288888886,45.0,3.5061458,40.0,55.235,41.0,15.9,14.0
2021-03-07,8.357142857142858,14.0,38.889634146341464,41.0,7.180419242424242,33.0,56.800555555555555,45.0,3.26177085,40.0,57.294,41.0,14.8,14.0
2021-03-08,7.071428571428571,14.0,34.432170731707316,41.0,8.0253565,32.0,56.97212964444444,45.0,4.2346875,40.0,47.353,41.0,11.0,14.0
2021-03-09,6.992857142857143,14.0,40.0149268292683,41.0,10.32329665625,32.0,52.750376133333326,45.0,4.921644025,40.0,46.705999999999996,41.0,11.5,14.0
2021-03-10,3.935714285714286,14.0,38.02105,40.0,7.402420303030302,33.0,48.393188377777776,45.0,4.133333325000001,40.0,44.0,40.0,6.8,14.0
2021-03-11,3.207142857142857,14.0,34.979924999999994,40.0,8.153264666666667,33.0,46.71842591111111,45.0,3.216458325,40.0,45.0,40.0,6.4,14.0
2021-03-12,5.392857142857143,14.0,33.617282051282054,39.0,12.163254625,32.0,46.737592533333334,45.0,3.108750025,40.0,44.528999999999996,39.0,12.6,14.0
2021-03-13,9.328571428571427,14.0,36.972899999999996,40.0,8.89288384375,32.0,51.895,45.0,3.5447917250000005,40.0,47.353,40.0,16.2,14.0
2021-03-14,10.078571428571427,14.0,41.011675000000004,40.0,5.4182064375,32.0,54.43064815555556,45.0,3.7003124749999996,40.0,47.294000000000004,40.0,16.1,14.0
2021-03-15,6.007142857142857,14.0,35.61325,40.0,6.55469315625,32.0,49.868941755555554,45.0,5.172574375,40.0,43.588,40.0,13.0,14.0
2021-03-16,6.1499999999999995,14.0,30.377560975609757,41.0,10.6988565625,32.0,49.39629624444444,45.0,3.26489585,40.0,48.353,41.0,10.3,14.0
2021-03-17,9.242857142857144,14.0,32.351463414634146,41.0,15.555726375,32.0,53.62005557777778,45.0,2.501041725,40.0,51.588,41.0,17.1,14.0
2021-03-18,10.235714285714286,14.0,36.3217,40.0,17.73528853125,32.0,58.14251895454545,44.0,2.68301165,40.0,55.647000000000006,40.0,22.8,14.0
2021-03-19,8.42142857142857,14.0,32.7605641025641,39.0,15.6386731875,32.0,61.24943184090909,44.0,3.3314583499999997,40.0,47.0,39.0,16.7,14.0
2021-03-20,5.95,14.0,35.80241025641026,39.0,6.6601733124999996,32.0,58.79567637777778,45.0,4.142604175000001,40.0,46.176,39.0,9.6,14.0
2021-03-21,7.692857142857143,14.0,38.55210256410256,39.0,8.58088203125,32.0,56.0598064,45.0,4.3486364,40.0,47.294000000000004,39.0,12.0,14.0
2021-03-22,7.828571428571428,14.0,40.504149999999996,40.0,12.80709365625,32.0,56.9474074,45.0,3.7854754999999995,40.0,50.353,40.0,13.5,14.0
2021-03-23,8.85,14.0,39.27621951219513,41.0,8.660531363636363,33.0,56.896893266666666,45.0,5.526443425,40.0,45.471,41.0,13.0,14.0
2021-03-24,6.385714285714286,14.0,41.29575,40.0,9.018135787878787,33.0,59.59620371111111,45.0,5.2464583750000005,40.0,49.059,40.0,11.9,14.0
2021-03-25,7.228571428571429,14.0,38.83604878048781,41.0,7.489059454545455,33.0,53.606254111111106,45.0,5.28812495,40.0,47.353,41.0,11.3,14.0
2021-03-26,6.8261363571428575,14.0,31.720560975609757,41.0,9.625995484848485,33.0,55.14101128888888,45.0,3.594366925,40.0,41.588,41.0,11.6,14.0
2021-03-27,7.8500000000000005,12.0,34.14209756097561,41.0,13.887412242424242,33.0,61.26314808888889,45.0,3.1942708,40.0,47.235,41.0,14.2,12.0
2021-03-28,7.108333333333333,12.0,38.34292682926829,41.0,12.833009424242423,33.0,67.10623460000001,45.0,2.715000025,40.0,51.706,41.0,15.0,12.0
2021-03-29,8.366666666666665,12.0,42.77478048780488,41.0,15.87027115151515,33.0,66.94081436363636,44.0,3.4641667,40.0,57.706,41.0,15.7,12.0
2021-03-30,12.103571428571428,14.0,38.47929268292683,41.0,11.39111606060606,33.0,64.60455372727273,44.0,3.4721875750000004,40.0,48.824,41.0,25.3,14.0
2021-03-31,7.946153846153846,13.0,40.62521951219512,41.0,14.584750909090909,33.0,68.49704386363636,44.0,4.4080208,40.0,55.765,41.0,21.9,13.0
2021-04-01,8.803619923076923,13.0,36.86663414634146,41.0,20.766419848484848,33.0,70.1317382,45.0,2.828370205128205,39.0,56.235,41.0,15.3,13.0
2021-04-02,12.204273538461537,13.0,47.26690243902439,41.0,15.160654212121212,33.0,67.49249995555556,45.0,3.551495717948718,39.0,65.765,41.0,20.2,13.0
2021-04-03,13.47272727272727,11.0,46.9670487804878,41.0,12.105176757575757,33.0,67.68185191111111,45.0,3.3085470256410257,39.0,60.647,41.0,30.9,11.0
2021-04-04,10.6,11.0,42.53087804878049,41.0,11.144828757575759,33.0,69.04212964444444,45.0,3.383547076923077,39.0,64.471,41.0,24.1,11.0
2021-04-05,9.945454545454545,11.0,37.52085365853659,41.0,10.792820636363636,33.0,66.31046286666667,45.0,4.63536317948718,39.0,51.824000000000005,41.0,17.2,11.0
2021-04-06,11.112645692307693,13.0,37.845749999999995,40.0,10.319472575757576,33.0,64.89601842222223,45.0,3.5644556410256407,39.0,52.352999999999994,40.0,17.9,13.0
2021-04-07,12.367692307692307,13.0,43.31766666666667,42.0,15.449967878787879,33.0,68.20351853333334,45.0,3.139163641025641,39.0,65.824,42.0,22.6,13.0
2021-04-08,11.81,13.0,42.15183333333333,42.0,12.52002003030303,33.0,67.52338786666667,45.0,3.9629066153846155,39.0,61.941,42.0,22.4,13.0
2021-04-09,14.083516461538462,13.0,43.360238095238095,42.0,13.19554703030303,33.0,67.80287037777778,45.0,3.424252230769231,39.0,60.882,42.0,34.085714,13.0
2021-04-10,13.458333333333334,12.0,46.93976190476191,42.0,10.171459151515151,33.0,67.85731475555555,45.0,3.2986109999999997,39.0,66.353,42.0,22.8,12.0
2021-04-11,14.325000000000001,12.0,49.323547619047616,42.0,7.411923606060606,33.0,66.29148146666667,45.0,3.5661324615384613,39.0,65.824,42.0,22.3,12.0
2021-04-12,14.541666666666666,12.0,48.39456097560976,41.0,8.072077242424243,33.0,63.95146942222222,45.0,3.8803418974358976,39.0,58.647,41.0,21.7,12.0
2021-04-13,9.325000000000001,12.0,42.08602439024391,41.0,6.722330181818181,33.0,60.088114511111115,45.0,5.150912948717949,39.0,55.471,41.0,13.8,12.0
2021-04-14,9.291666666666666,12.0,43.66276190476191,42.0,7.379248787878788,33.0,57.975900644444444,45.0,5.064192871794872,39.0,56.294,42.0,14.0,12.0
2021-04-15,11.177380916666666,12.0,41.17583333333333,42.0,10.482029575757576,33.0,59.11388893333333,45.0,3.872222205128205,39.0,57.059,42.0,16.4,12.0
2021-04-16,13.390909090909092,11.0,44.60488095238095,42.0,12.133868484848485,33.0,62.38657411111111,45.0,3.58130341025641,39.0,64.471,42.0,22.2,11.0
2021-04-17,12.072727272727274,11.0,40.867,42.0,9.571261575757575,33.0,64.5573148,45.0,3.4344017179487176,39.0,48.940999999999995,42.0,21.0,11.0
2021-04-18,6.609090909090909,11.0,41.30392857142857,42.0,8.977788727272726,33.0,69.82129628888889,45.0,4.976388897435898,39.0,52.765,42.0,11.2,11.0
2021-04-19,8.5,12.0,46.617380952380955,42.0,15.244079,33.0,70.887963,45.0,3.527777794871795,39.0,63.294000000000004,42.0,16.0,12.0
2021-04-20,11.775,12.0,46.75378571428572,42.0,9.846479060606061,33.0,65.9732406888889,45.0,4.321618384615385,39.0,64.176,42.0,21.6,12.0
2021-04-21,9.864743615384615,13.0,41.410000000000004,42.0,5.438672515151515,33.0,59.357222288888885,45.0,5.574444487179487,39.0,55.940999999999995,42.0,22.841667,13.0
2021-04-22,7.947252769230769,13.0,39.4359268292683,41.0,7.563569636363637,33.0,59.509999977777774,45.0,4.749465871794873,39.0,52.471,41.0,15.2,13.0
2021-04-23,10.459340615384615,13.0,41.11295238095238,42.0,7.9123811875,32.0,61.394060844444446,45.0,4.23141017948718,39.0,54.0,42.0,16.142857,13.0
2021-04-24,12.151680642857144,14.0,42.26047619047619,42.0,7.0054914375,32.0,62.1206482,45.0,3.9153845641025637,39.0,54.705999999999996,42.0,30.6,14.0
2021-04-25,7.107142857142857,14.0,40.117690476190475,42.0,4.59587290625,32.0,60.50740744444444,45.0,4.8748931282051275,39.0,48.647000000000006,42.0,11.0,14.0
2021-04-26,3.561904785714286,14.0,39.65083333333333,42.0,6.007927548387097,31.0,56.73231473333333,45.0,5.341025666666667,39.0,46.0,42.0,5.9,14.0
2021-04-27,5.230769230769231,13.0,35.577439024390245,41.0,6.9009390303030305,33.0,57.3725926,45.0,3.9385683846153845,39.0,45.587999999999994,41.0,8.1,13.0
2021-04-28,6.753846153846154,13.0,36.7455,42.0,13.56928693939394,33.0,67.43250002222223,45.0,4.394230769230769,39.0,49.824,42.0,12.3,13.0
2021-04-29,7.664285714285714,14.0,40.25478571428572,42.0,17.52961033333333,33.0,74.67888886666667,45.0,3.3588675128205128,39.0,58.706,42.0,15.7,14.0
2021-04-30,9.385714285714286,14.0,50.15580952380952,42.0,17.844149242424244,33.0,78.1603704,45.0,3.518696564102564,39.0,72.588,42.0,17.4,14.0
2021-05-01,10.264285714285714,14.0,45.198880952380954,42.0,9.38072346875,32.0,70.60166664444445,45.0,4.299465820512821,39.0,59.824000000000005,42.0,18.5,14.0
2021-05-02,11.185714285714285,14.0,39.48880952380952,42.0,3.65138125,32.0,64.33046308888889,45.0,5.580341923076923,39.0,55.940999999999995,42.0,29.8,14.0
2021-05-03,10.028571428571428,14.0,39.29866666666667,42.0,8.4846501875,32.0,69.15250002222223,45.0,4.618269153846153,39.0,54.059000000000005,42.0,14.6,14.0
2021-05-04,12.342857142857143,14.0,45.11895238095238,42.0,12.268909727272728,33.0,72.13413917777778,45.0,3.3415501282051285,39.0,64.88199999999999,42.0,21.6,14.0
2021-05-05,12.864285714285714,14.0,46.721380952380954,42.0,13.15170209090909,33.0,72.78175517777777,45.0,3.5846200512820516,39.0,71.23500000000001,42.0,23.5,14.0
2021-05-06,12.157142857142857,14.0,45.66066666666667,42.0,9.35624306060606,33.0,69.59203704444444,45.0,4.0253204615384615,39.0,69.588,42.0,19.1,14.0
2021-05-07,10.935714285714285,14.0,46.34311904761905,42.0,7.627184878787879,33.0,67.48142113333333,45.0,3.955941051282051,39.0,61.059000000000005,42.0,16.1,14.0
2021-05-08,10.635714285714286,14.0,47.42014285714286,42.0,5.882811787878788,33.0,68.2336111111111,45.0,3.945299102564103,39.0,62.176,42.0,18.1,14.0
2021-05-09,12.37142857142857,14.0,49.186214285714286,42.0,5.459694696969697,33.0,67.30314817777779,45.0,3.9276709230769233,39.0,61.412,42.0,16.5,14.0
2021-05-10,11.007142857142856,14.0,42.62307317073171,41.0,7.1016307272727275,33.0,66.74202864444445,45.0,3.8233973846153844,39.0,58.0,41.0,15.0,14.0
2021-05-11,13.478571428571428,14.0,46.08385365853659,41.0,9.862313272727274,33.0,69.18229797777778,45.0,3.411080615384615,39.0,64.05900000000001,41.0,22.0,14.0
2021-05-12,13.5,14.0,47.619512195121956,41.0,9.82788109090909,33.0,71.05009257777778,45.0,3.8582297435897432,39.0,65.72699999999999,41.0,19.8,14.0
2021-05-13,14.405102071428571,14.0,49.55426829268293,41.0,10.38468809090909,33.0,70.17577715555555,45.0,3.79285741025641,39.0,74.58800000000001,41.0,28.3,14.0
2021-05-14,14.37857142857143,14.0,51.23480487804878,41.0,9.059843484848484,33.0,69.20435184444445,45.0,4.081089743589743,39.0,73.059,41.0,22.0,14.0
2021-05-15,10.104285714285714,14.0,44.47409756097561,41.0,4.958948121212121,33.0,65.30638886666667,45.0,5.103952974358974,39.0,54.940999999999995,41.0,23.4,14.0
2021-05-16,5.876923076923077,13.0,40.75885,40.0,3.9784250625,32.0,61.162685200000006,45.0,5.010576948717948,39.0,50.118,40.0,17.6,13.0
2021-05-17,7.7974359230769235,13.0,39.6911,40.0,8.06274740625,32.0,64.65407404444444,45.0,4.510577,39.0,56.294,40.0,14.666667,13.0
2021-05-18,12.002142857142857,14.0,45.631,42.0,9.3961423125,32.0,69.62509255555555,45.0,4.022858564102564,39.0,65.765,42.0,25.1,14.0
2021-05-19,11.607142857142858,14.0,46.52769047619048,42.0,8.66969093939394,33.0,68.64107931111111,45.0,4.450629692307692,39.0,61.294000000000004,42.0,17.9,14.0
2021-05-20,10.992857142857144,14.0,43.52478048780488,41.0,6.914545303030303,33.0,64.25609784444444,45.0,5.457359666666667,39.0,56.235,41.0,16.2,14.0
2021-05-21,8.992857142857144,14.0,41.30239024390244,41.0,6.320216151515152,33.0,60.01991580000001,45.0,5.938238179487179,39.0,54.588,41.0,14.4,14.0
2021-05-22,9.535714285714286,14.0,39.50073170731707,41.0,5.422073999999999,33.0,59.71379635555556,45.0,4.119551282051282,39.0,51.412,41.0,13.5,14.0
2021-05-23,9.892857142857142,14.0,39.584023809523806,42.0,7.51170396969697,33.0,64.65268515555556,45.0,3.4098289999999998,39.0,58.059,42.0,15.5,14.0
2021-05-24,9.65,14.0,45.461595238095235,42.0,14.461066606060605,33.0,73.658729,45.0,3.368385769230769,39.0,62.176,42.0,14.9,14.0
2021-05-25,9.464285714285714,14.0,46.49507142857143,42.0,13.665507121212121,33.0,75.58638888888889,45.0,3.777991435897436,39.0,64.58800000000001,42.0,17.4,14.0
2021-05-26,10.302142857142856,14.0,41.204071428571424,42.0,8.587462606060605,33.0,72.2188124,45.0,4.242551846153846,39.0,56.059,42.0,17.83,14.0
2021-05-27,10.929017857142856,14.0,47.357142857142854,42.0,8.365211878787878,33.0,69.83222615555556,45.0,3.998704051282051,39.0,68.706,42.0,16.90625,14.0
2021-05-28,11.2225275,14.0,51.15861904761904,42.0,9.471358424242425,33.0,70.54833333333333,45.0,4.085470102564103,39.0,79.118,42.0,19.0,14.0
2021-05-29,10.5,13.0,45.0330243902439,41.0,6.102157393939394,33.0,68.7243961111111,45.0,4.079951717948719,39.0,62.705999999999996,41.0,14.2,13.0
2021-05-30,8.984615384615385,13.0,45.535761904761905,42.0,5.112044333333333,33.0,70.66453713333334,45.0,3.8449785897435893,39.0,67.765,42.0,14.9,13.0
2021-05-31,9.838461538461539,13.0,45.11051219512195,41.0,6.3061978181818175,33.0,72.59138263636363,44.0,3.5222587631578945,38.0,67.471,41.0,14.5,13.0
2021-06-01,11.278571428571428,14.0,46.094926829268296,41.0,11.156212333333334,33.0,74.88325615909092,44.0,3.5551573846153848,39.0,68.588,41.0,18.8,14.0
2021-06-02,12.051298714285716,14.0,49.962658536585366,41.0,11.416529424242425,33.0,76.03016184090909,44.0,3.7654327692307694,39.0,77.11800000000001,41.0,17.6,14.0
2021-06-03,10.207589285714286,14.0,49.08858536585366,41.0,9.12943093939394,33.0,75.3824810909091,44.0,4.160470051282052,39.0,87.647,41.0,15.7,14.0
2021-06-04,9.200000000000001,14.0,43.89090476190476,42.0,9.988415181818182,33.0,75.25328002272728,44.0,4.056633641025641,39.0,73.882,42.0,15.5,14.0
2021-06-05,8.314285714285715,14.0,43.399119047619045,42.0,7.350274606060607,33.0,74.18229168181819,44.0,4.306944435897436,39.0,60.824000000000005,42.0,19.0,14.0
2021-06-06,6.05,14.0,40.91021428571429,42.0,4.445020878787878,33.0,70.04318186363636,44.0,4.69497864102564,39.0,59.882,42.0,9.5,14.0
2021-06-07,5.964285714285714,14.0,40.480658536585366,41.0,6.118054939393939,33.0,65.62262959090909,44.0,4.6822940769230765,39.0,68.706,41.0,12.1,14.0
2021-06-08,7.542857142857143,14.0,42.65307317073171,41.0,6.801493212121212,33.0,67.26969700000001,44.0,4.171459025641026,39.0,60.588,41.0,19.0,14.0
2021-06-09,8.292857142857143,14.0,38.24278571428571,42.0,9.947910333333335,33.0,69.00757575,44.0,4.396581179487179,39.0,50.294,42.0,16.0,14.0
2021-06-10,7.0928571428571425,14.0,41.491268292682925,41.0,9.568417242424243,33.0,67.79941413636364,44.0,4.0894383076923075,39.0,61.118,41.0,11.5,14.0
2021-06-11,9.164285714285715,14.0,50.599707317073175,41.0,12.529427212121211,33.0,72.93720927906976,43.0,3.4744658205128203,39.0,75.647,41.0,14.5,14.0
2021-06-12,9.957142857142857,14.0,55.44621951219512,41.0,11.485205333333333,33.0,77.15281004651162,43.0,3.6089743333333333,39.0,90.176,41.0,18.5,14.0
2021-06-13,9.321428571428571,14.0,45.51792682926829,41.0,8.826800636363636,33.0,78.4025193255814,43.0,3.6458333846153845,39.0,67.471,41.0,16.5,14.0
2021-06-14,8.692857142857143,14.0,36.73614634146342,41.0,13.30156209090909,33.0,81.60424247727272,44.0,3.216987205128205,39.0,54.588,41.0,15.2,14.0
2021-06-15,10.869642857142859,14.0,46.14748780487805,41.0,16.503644484848486,33.0,85.74219779545454,44.0,3.0352285384615385,39.0,73.765,41.0,18.2,14.0
2021-06-16,13.353846153846153,13.0,42.23141025641026,39.0,11.912017612903226,31.0,83.08986743181818,44.0,3.6547891282051284,39.0,75.529,39.0,18.7,13.0
2021-06-17,12.384615384615385,13.0,46.362675,40.0,13.50509578125,32.0,83.52102277272728,44.0,3.71469858974359,39.0,85.765,40.0,18.9,13.0
2021-06-18,12.685714307692308,13.0,47.609224999999995,40.0,10.52836465625,32.0,82.27556815909091,44.0,4.095163179487179,39.0,82.0,40.0,17.414286,13.0
2021-06-19,13.183333333333332,12.0,51.89141025641026,39.0,9.09420296875,32.0,81.9014720909091,44.0,4.0536324102564105,39.0,83.882,39.0,24.3,12.0
2021-06-20,11.333333333333334,12.0,44.45253846153846,39.0,7.53491846875,32.0,79.423106,44.0,4.374145333333333,39.0,66.235,39.0,15.3,12.0
2021-06-21,9.683333333333334,12.0,44.05051282051282,39.0,9.62356425,32.0,78.45937502272727,44.0,3.912500051282051,39.0,59.059,39.0,15.8,12.0
2021-06-22,8.85,12.0,37.620425,40.0,11.26024921875,32.0,77.14984647727273,44.0,3.3281288717948714,39.0,72.0,40.0,14.0,12.0
2021-06-23,7.2749999999999995,12.0,34.52892682926829,41.0,10.63137453125,32.0,75.95134220454545,44.0,3.705769076923077,39.0,64.88199999999999,41.0,10.5,12.0
2021-06-24,6.508333333333333,12.0,33.390975000000005,40.0,9.0459731875,32.0,74.50142054545455,44.0,4.14401717948718,39.0,56.059,40.0,9.7,12.0
2021-06-25,6.575,12.0,39.174,41.0,10.90839853125,32.0,76.45037879545454,44.0,3.811752128205128,39.0,61.352999999999994,41.0,11.6,12.0
2021-06-26,9.299999999999999,12.0,48.24824390243903,41.0,10.46201884375,32.0,80.56325754545455,44.0,3.435470153846154,39.0,82.29400000000001,41.0,14.4,12.0
2021-06-27,10.174999999999999,12.0,46.63409756097561,41.0,8.5840861875,32.0,82.81079547727273,44.0,3.8314102820512823,39.0,71.471,41.0,17.4,12.0
2021-06-28,13.125,12.0,48.280073170731704,41.0,10.71938465625,32.0,82.59469695454546,44.0,4.048397487179487,39.0,75.059,41.0,17.9,12.0
2021-06-29,10.517093999999998,13.0,38.47442857142857,42.0,10.455673666666668,33.0,78.2604411590909,44.0,3.7809342820512817,39.0,77.706,42.0,15.8,13.0
2021-06-30,8.923076923076923,13.0,41.77340476190476,42.0,9.42602906060606,33.0,79.07035986363637,44.0,3.8563033589743587,39.0,81.824,42.0,14.6,13.0
2021-07-01,9.814285714285715,14.0,44.943380952380956,42.0,10.300677151515151,33.0,80.26496220454545,44.0,3.4461538205128206,39.0,74.647,42.0,15.0,14.0
2021-07-02,11.014285714285714,14.0,44.411829268292685,41.0,12.329704666666668,33.0,80.41747595454545,44.0,3.411868615384615,39.0,70.529,41.0,17.8,14.0
2021-07-03,9.821428571428571,14.0,44.33429268292683,41.0,9.7201879375,32.0,81.1038825909091,44.0,3.3568376153846153,39.0,68.52900000000001,41.0,15.7,14.0
2021-07-04,15.9,14.0,43.08031707317073,41.0,6.9856318125,32.0,79.22178027272727,44.0,3.600854717948718,39.0,67.176,41.0,46.9,14.0
2021-07-05,28.164285714285715,14.0,43.25145,40.0,8.38426175,32.0,79.11335222727273,44.0,3.6278846410256413,39.0,71.059,40.0,105.8,14.0
2021-07-06,8.9,14.0,45.511560975609754,41.0,10.45226212121212,33.0,80.40065468181818,44.0,3.5954486923076923,39.0,74.235,41.0,13.1,14.0
2021-07-07,10.5,14.0,47.71221428571429,42.0,12.239772696969696,33.0,81.64356061363637,44.0,3.6700855128205125,39.0,79.235,42.0,16.4,14.0
2021-07-08,11.821428571428571,14.0,45.952439024390245,41.0,12.644179363636365,33.0,83.15596593181819,44.0,3.6683120256410255,39.0,74.94099999999999,41.0,17.4,14.0
2021-07-09,12.635714285714284,14.0,51.48019512195122,41.0,12.986475454545454,33.0,85.18001888636364,44.0,3.3645298974358977,39.0,80.29400000000001,41.0,18.2,14.0
2021-07-10,12.057142857142859,14.0,49.304121951219514,41.0,9.711893151515152,33.0,85.24159777272727,44.0,3.752049358974359,39.0,87.0,41.0,17.4,14.0
2021-07-11,12.135714285714286,14.0,45.52807142857143,42.0,6.390437030303031,33.0,83.27301131818182,44.0,3.857478692307692,39.0,76.471,42.0,20.2,14.0
2021-07-12,12.664285714285715,14.0,44.73130952380952,42.0,9.244697121212122,33.0,81.71400652272727,44.0,4.1388888717948715,39.0,94.82400000000001,42.0,20.3,14.0
2021-07-13,11.65,14.0,46.524829268292685,41.0,11.289622939393938,33.0,82.86583286666666,45.0,4.042050102564103,39.0,80.353,41.0,17.0,14.0
2021-07-14,9.592857142857143,14.0,42.055975000000004,40.0,10.167745606060606,33.0,82.2622786,45.0,4.088568384615385,39.0,65.29400000000001,40.0,13.8,14.0
2021-07-15,8.307142857142857,14.0,42.01352380952381,42.0,9.26605693939394,33.0,81.44717800000001,45.0,4.041438205128205,39.0,63.765,42.0,16.3,14.0
2021-07-16,8.385714285714286,14.0,43.75515,40.0,10.195552909090908,33.0,81.06017313333334,45.0,3.7643859487179485,39.0,74.35300000000001,40.0,12.9,14.0
2021-07-17,9.092857142857143,14.0,45.13060975609756,41.0,8.894933,33.0,81.63499999999999,45.0,3.7293803846153843,39.0,71.118,41.0,12.8,14.0
2021-07-18,9.764285714285714,14.0,45.92963414634146,41.0,8.291891727272727,33.0,84.22953704444444,45.0,3.7868589743589745,39.0,69.529,41.0,14.0,14.0
2021-07-19,10.235714285714286,14.0,44.034365853658535,41.0,11.414970363636364,33.0,84.51361106666667,45.0,3.561965769230769,39.0,64.353,41.0,14.3,14.0
2021-07-20,10.757142857142856,14.0,43.374,41.0,12.481940030303031,33.0,84.2200926,45.0,3.5869006923076925,39.0,71.824,41.0,15.1,14.0
2021-07-21,11.721428571428572,14.0,43.08278571428572,42.0,12.023492818181818,33.0,85.35990742222222,45.0,3.6879273589743593,39.0,69.765,42.0,16.7,14.0
2021-07-22,12.928571428571429,14.0,37.57269047619048,42.0,10.000437303030303,33.0,82.5194312,45.0,4.134264358974359,39.0,68.118,42.0,18.2,14.0
2021-07-23,13.707142857142857,14.0,40.124738095238094,42.0,9.42795275,32.0,80.85592591111111,45.0,3.8816238974358974,39.0,67.471,42.0,19.7,14.0
2021-07-24,12.485714285714286,14.0,42.11233333333333,42.0,8.169871,32.0,78.2285186,45.0,3.534188076923077,39.0,67.52900000000001,42.0,18.0,14.0
2021-07-25,10.200000000000001,14.0,38.44419047619048,42.0,6.27576425,32.0,77.48914817777778,45.0,3.7258547435897436,39.0,57.0,42.0,15.5,14.0
2021-07-26,10.942857142857145,14.0,31.696238095238094,42.0,10.97353459375,32.0,75.46971815555555,45.0,3.3313033846153846,39.0,45.705999999999996,42.0,16.6,14.0
2021-07-27,10.985714285714286,14.0,38.067142857142855,42.0,12.8936659375,32.0,79.97983891111112,45.0,3.4543756923076923,39.0,56.940999999999995,42.0,15.2,14.0
2021-07-28,8.942857142857143,14.0,37.61556097560976,41.0,14.44470109375,32.0,82.753367,45.0,3.4812476923076927,39.0,54.529,41.0,11.7,14.0
2021-07-29,8.57857142857143,14.0,40.946261904761904,42.0,14.32941278125,32.0,83.65138895555556,45.0,3.579807615384615,39.0,67.118,42.0,13.9,14.0
2021-07-30,10.664285714285715,14.0,39.221047619047624,42.0,14.59350496875,32.0,81.18712962222223,45.0,3.3787392820512823,39.0,70.294,42.0,16.7,14.0
2021-07-31,9.578571428571427,14.0,42.18457142857143,42.0,11.23963996875,32.0,81.37814815555555,45.0,3.336431641025641,39.0,63.940999999999995,42.0,14.8,14.0
2021-08-01,8.26923076923077,13.0,44.548121951219514,41.0,9.99170065625,32.0,82.88342797727273,44.0,3.271491236842105,38.0,65.88199999999999,41.0,14.1,13.0
2021-08-02,8.123076923076923,13.0,44.984195121951224,41.0,15.057444531249999,32.0,85.24696970454546,44.0,3.2440788684210524,38.0,69.176,41.0,13.3,13.0
2021-08-03,9.13076923076923,13.0,49.33124390243903,41.0,15.644710242424242,33.0,85.31489440909091,44.0,3.325667842105263,38.0,77.294,41.0,15.5,13.0
2021-08-04,12.453846153846154,13.0,52.304292682926835,41.0,15.134555545454546,33.0,85.63167863636365,44.0,3.5228442631578942,38.0,94.0,41.0,19.6,13.0
2021-08-05,12.746153846153845,13.0,48.342825,40.0,13.747065787878787,33.0,83.59186959090908,44.0,3.5722222105263155,38.0,72.588,40.0,18.3,13.0
2021-08-06,11.620238083333334,12.0,46.85615,40.0,10.20059759375,32.0,79.43829455813953,43.0,3.677364837837838,37.0,75.059,40.0,16.8,12.0
2021-08-07,11.158333333333333,12.0,48.789725,40.0,8.338961,31.0,78.42732560465116,43.0,3.410135108108108,37.0,82.05900000000001,40.0,16.9,12.0
2021-08-08,10.924999999999999,12.0,48.0794,40.0,7.486968225806452,31.0,78.85949616279069,43.0,3.6138512972972974,37.0,72.941,40.0,14.2,12.0
2021-08-09,9.733333333333333,12.0,43.919000000000004,41.0,10.75421203125,32.0,80.04683195454545,44.0,3.3882237631578946,38.0,77.294,41.0,13.2,12.0
2021-08-10,12.075000000000001,12.0,46.78641463414634,41.0,13.500398242424243,33.0,81.81202652272727,44.0,3.519074184210526,38.0,68.824,41.0,16.2,12.0
2021-08-11,11.208333333333334,12.0,42.502525000000006,40.0,14.0950603125,32.0,81.99420534090909,44.0,3.172623947368421,38.0,69.529,40.0,15.4,12.0
2021-08-12,9.613609461538461,13.0,40.08065853658537,41.0,13.3149041875,32.0,83.04786729545455,44.0,3.1716961578947367,38.0,70.118,41.0,14.7,13.0
2021-08-13,8.63076923076923,13.0,36.25243902439024,41.0,11.47024715625,32.0,82.09355104545455,44.0,3.6080409473684214,38.0,63.88199999999999,41.0,13.0,13.0
2021-08-14,10.315384615384614,13.0,42.65858536585366,41.0,10.26030334375,32.0,80.98304927272727,44.0,2.8737939210526315,38.0,67.647,41.0,14.2,13.0
2021-08-15,12.815384615384614,13.0,48.23668292682927,41.0,9.66703471875,32.0,83.09308718181818,44.0,3.105701789473684,38.0,70.059,41.0,20.8,13.0
2021-08-16,13.446153846153846,13.0,44.47492682926829,41.0,11.619808656250001,32.0,82.58234929545455,44.0,3.5742087105263156,38.0,74.0,41.0,34.9,13.0
2021-08-17,11.161538461538461,13.0,34.931560975609756,41.0,8.29180203030303,33.0,79.32768445454545,44.0,4.214143973684211,38.0,56.294,41.0,15.0,13.0
2021-08-18,8.546153846153846,13.0,29.42929268292683,41.0,5.548863818181818,33.0,73.89827077272727,44.0,4.880482447368421,38.0,46.0,41.0,11.3,13.0
2021-08-19,8.96923076923077,13.0,37.92051219512195,41.0,7.469964878787878,33.0,73.94438402272728,44.0,3.7133914473684215,38.0,67.412,41.0,17.7,13.0
2021-08-20,10.538461538461538,13.0,41.78178048780487,41.0,9.326361939393939,33.0,74.07793561363636,44.0,3.732894789473684,38.0,68.765,41.0,21.7,13.0
2021-08-21,10.723076923076924,13.0,41.69434146341464,41.0,6.754613875,32.0,72.74611740909091,44.0,3.657346447368421,38.0,57.588,41.0,18.7,13.0
2021-08-22,14.323076923076922,13.0,49.04570731707317,41.0,6.27060690625,32.0,72.99015147727272,44.0,3.5342105000000004,38.0,72.765,41.0,19.5,13.0
2021-08-23,16.03846153846154,13.0,51.282585365853656,41.0,11.140260625,32.0,74.29793418181818,44.0,3.1086880263157894,38.0,85.471,41.0,21.5,13.0
2021-08-24,19.492307692307694,13.0,53.43,41.0,13.815681212121213,33.0,76.94356056818182,44.0,3.111951736842105,38.0,86.765,41.0,25.9,13.0
2021-08-25,20.446153846153848,13.0,53.2380243902439,41.0,15.825710424242423,33.0,81.46900947727273,44.0,3.1498960789473682,38.0,77.941,41.0,28.2,13.0
2021-08-26,18.307692307692307,13.0,51.05714634146341,41.0,17.81876318181818,33.0,84.27920977272727,44.0,3.0761841842105264,38.0,78.0,41.0,30.0,13.0
2021-08-27,16.007692307692306,13.0,47.11870731707317,41.0,18.351128666666668,33.0,84.22528409090908,44.0,3.037609657894737,38.0,76.11800000000001,41.0,31.3,13.0
2021-08-28,14.823076923076922,13.0,48.11863414634146,41.0,13.148804212121211,33.0,82.17954545454546,44.0,3.310096184210526,38.0,63.0,41.0,24.5,13.0
2021-08-29,15.430769230769231,13.0,50.03592682926829,41.0,10.820580878787878,33.0,82.76562502272726,44.0,3.1087719210526314,38.0,61.765,41.0,22.3,13.0
2021-08-30,16.43846153846154,13.0,49.53012195121951,41.0,12.280193303030302,33.0,80.14270829545454,44.0,3.5567983157894734,38.0,79.294,41.0,21.6,13.0
2021-08-31,17.307692307692307,13.0,43.63353658536585,41.0,10.724024575757575,33.0,74.65837393181818,44.0,3.7632988684210527,38.0,62.0,41.0,22.9,13.0
2021-09-01,13.615384615384615,13.0,41.76478048780488,41.0,8.229049242424242,33.0,73.28326443181818,44.0,3.615131552631579,38.0,61.235,41.0,17.7,13.0
2021-09-02,13.338461538461539,13.0,45.014024390243904,41.0,10.52202915625,32.0,74.05378786363636,44.0,3.3851346842105263,38.0,63.529,41.0,18.6,13.0
2021-09-03,14.661538461538461,13.0,44.335756097560974,41.0,14.723795303030302,33.0,76.98181820454546,44.0,2.961732421052632,38.0,57.235,41.0,22.4,13.0
2021-09-04,11.604395615384616,13.0,43.562365853658534,41.0,14.876438272727272,33.0,81.45942031818181,44.0,2.855658842105263,38.0,58.471000000000004,41.0,19.2,13.0
2021-09-05,14.591666666666667,12.0,49.73887804878049,41.0,12.8139265625,32.0,84.37954543181819,44.0,3.0334429999999997,38.0,67.588,41.0,40.1,12.0
2021-09-06,14.183333333333332,12.0,45.05451219512195,41.0,7.08208221875,32.0,80.91553034090909,44.0,3.497916605263158,38.0,74.0,41.0,20.7,12.0
2021-09-07,14.421153846153846,13.0,46.986609756097565,41.0,11.932032060606062,33.0,81.41290584090909,44.0,3.0121710263157895,38.0,73.0,41.0,18.8,13.0
2021-09-08,16.846153846153847,13.0,47.96339024390244,41.0,14.511704272727272,33.0,81.81905984090909,44.0,3.0622806842105263,38.0,79.529,41.0,22.2,13.0
2021-09-09,14.046153846153846,13.0,47.26080487804878,41.0,15.48069687878788,33.0,83.32675868181819,44.0,3.1503132894736843,38.0,78.0,41.0,19.3,13.0
2021-09-10,12.630769230769232,13.0,39.429146341463415,41.0,15.974455424242423,33.0,82.88587288636364,44.0,3.1814393684210525,38.0,60.0,41.0,19.6,13.0
2021-09-11,10.407692307692308,13.0,36.876609756097565,41.0,13.33955312121212,33.0,83.1060605909091,44.0,2.9280701842105263,38.0,59.706,41.0,16.2,13.0
2021-09-12,9.576923076923077,13.0,40.78763414634147,41.0,11.611846727272727,33.0,82.18049238636364,44.0,3.1374999999999997,38.0,54.235,41.0,14.7,13.0
2021-09-13,10.5,13.0,43.347575,40.0,16.568494696969697,33.0,80.18001893181818,44.0,3.1985745789473685,38.0,72.647,40.0,18.1,13.0
2021-09-14,10.815384615384614,13.0,44.36975609756098,41.0,15.674697363636362,33.0,77.01605540909091,44.0,3.1303609210526315,38.0,80.471,41.0,22.9,13.0
2021-09-15,12.276923076923076,13.0,48.230536585365854,41.0,13.879087727272728,33.0,74.84857947727272,44.0,3.3444078947368423,38.0,80.0,41.0,20.9,13.0
2021-09-16,13.184615384615386,13.0,49.489625000000004,40.0,12.62987975,32.0,72.2414773409091,44.0,3.3218201842105266,38.0,80.529,40.0,21.9,13.0
2021-09-17,11.830769230769231,13.0,44.494897435897435,39.0,12.17437675,32.0,72.54185609090909,44.0,3.202083368421053,38.0,64.941,39.0,20.5,13.0
2021-09-18,10.676923076923078,13.0,41.05582051282052,39.0,10.2705389375,32.0,72.46922343181818,44.0,3.3083333684210525,38.0,59.117999999999995,39.0,18.3,13.0
2021-09-19,11.36153846153846,13.0,43.760179487179485,39.0,10.385926187499999,32.0,71.22263261363636,44.0,3.004824552631579,38.0,63.88199999999999,39.0,17.5,13.0
2021-09-20,12.992307692307692,13.0,38.951564102564106,39.0,15.8935915,32.0,74.89489045454546,44.0,2.787499921052632,38.0,58.353,39.0,22.3,13.0
2021-09-21,12.784615384615384,13.0,39.47261538461539,39.0,19.0817668125,32.0,80.61695077272726,44.0,2.5982455526315786,38.0,55.412000000000006,39.0,18.6,13.0
2021-09-22,10.492307692307692,13.0,32.666763157894735,38.0,18.95904528125,32.0,81.96020972727273,44.0,3.202631631578947,38.0,56.0,38.0,18.9,13.0
2021-09-23,13.26923076923077,13.0,26.64430769230769,39.0,18.1635946875,32.0,77.20397727272727,44.0,2.7929825263157895,38.0,44.176,39.0,32.0,13.0
2021-09-24,15.776923076923076,13.0,32.19753846153846,39.0,18.26357375,32.0,73.46624672727273,44.0,2.6001573157894735,38.0,57.353,39.0,29.0,13.0
2021-09-25,13.600000000000001,13.0,42.844589743589744,39.0,12.7358299375,32.0,72.88854172727272,44.0,2.899013210526316,38.0,66.29400000000001,39.0,19.0,13.0
2021-09-26,13.292307692307693,13.0,42.39241025641026,39.0,7.33628734375,32.0,70.22511995454546,44.0,3.2289838684210523,38.0,63.705999999999996,39.0,21.0,13.0
2021-09-27,11.053846153846154,13.0,33.6411,40.0,9.82406240625,32.0,69.00597786363636,44.0,3.2573845789473683,38.0,62.88199999999999,40.0,19.6,13.0
2021-09-28,8.792307692307691,13.0,36.989675,40.0,9.2049926875,32.0,67.24791102272728,44.0,3.945285078947368,38.0,54.765,40.0,15.5,13.0
2021-09-29,11.923076923076923,13.0,34.418675,40.0,13.75651434375,32.0,68.57994488636363,44.0,3.143750052631579,38.0,46.471,40.0,16.5,13.0
2021-09-30,9.96923076923077,13.0,33.309575,40.0,18.8516346875,32.0,73.04636093181819,44.0,3.5138940789473683,38.0,49.235,40.0,19.4,13.0
2021-10-01,9.669230769230769,13.0,35.60897435897436,39.0,21.0609918125,32.0,73.58497763636363,44.0,2.6951753947368418,38.0,53.176,39.0,16.6,13.0
2021-10-02,10.207692307692307,13.0,42.634375,40.0,18.6633006875,32.0,75.43905039534884,43.0,2.591447394736842,38.0,59.588,40.0,14.2,13.0
2021-10-03,9.76923076923077,13.0,45.135200000000005,40.0,15.84318075,32.0,77.23837206976745,43.0,2.7469298157894735,38.0,60.0,40.0,15.2,13.0
2021-10-04,12.502564076923077,13.0,45.430875,40.0,21.26089675,32.0,75.66744176744186,43.0,2.786293842105263,38.0,56.471000000000004,40.0,18.3,13.0
2021-10-05,8.096923076923078,13.0,38.1068,40.0,10.64269028125,32.0,71.48883727272727,44.0,3.733552684210526,38.0,47.529,40.0,10.6,13.0
2021-10-06,11.976923076923075,13.0,38.32305,40.0,13.7936321875,32.0,68.58816290909091,44.0,2.839639675675676,37.0,53.294000000000004,40.0,20.0,13.0
2021-10-07,10.392307692307693,13.0,32.906575,40.0,10.51357046875,32.0,66.695644,44.0,3.2829417631578948,38.0,47.882,40.0,16.0,13.0
2021-10-08,5.369230769230769,13.0,27.503425,40.0,8.61759759375,32.0,63.98264984090909,44.0,3.8483552631578952,38.0,37.765,40.0,7.3,13.0
2021-10-09,8.607692307692307,13.0,33.484975,40.0,10.6206294375,32.0,63.71695077272727,44.0,3.3371710263157897,38.0,47.412000000000006,40.0,13.1,13.0
2021-10-10,9.053846153846154,13.0,37.5118,40.0,14.03598275,32.0,66.93477052272728,44.0,2.665460526315789,38.0,53.117999999999995,40.0,14.1,13.0
2021-10-11,22.26153846153846,13.0,38.398153846153846,39.0,10.5844090625,32.0,62.10047343181818,44.0,5.2892544210526315,38.0,51.0,39.0,87.1,13.0
2021-10-12,12.03076923076923,13.0,27.625425,40.0,10.18091846875,32.0,58.929536863636365,44.0,3.8544783421052635,38.0,41.235,40.0,29.2,13.0
2021-10-13,10.5,13.0,28.559125,40.0,19.28594128125,32.0,59.886363659090904,44.0,2.589144684210526,38.0,41.824,40.0,19.6,13.0
2021-10-14,11.653846153846153,13.0,30.478025000000002,40.0,22.73386471875,32.0,63.47556818181818,44.0,2.373684210526316,38.0,48.529,40.0,21.9,13.0
2021-10-15,7.838461538461539,13.0,33.14095,40.0,16.04178190625,32.0,69.44696970454545,44.0,4.2124999999999995,38.0,44.882,40.0,17.3,13.0
2021-10-16,7.484615384615385,13.0,32.846230769230765,39.0,17.13714434375,32.0,70.04640156818182,44.0,2.8482455263157895,38.0,47.588,39.0,14.0,13.0
2021-10-17,9.723076923076924,13.0,43.122975,40.0,12.83113678125,32.0,65.03977268181819,44.0,3.425986894736842,38.0,55.059,40.0,15.4,13.0
2021-10-18,7.43076923076923,13.0,28.968512820512817,39.0,8.80430825,32.0,58.81374759090909,44.0,4.062933894736842,38.0,45.235,39.0,9.9,13.0
2021-10-19,7.299300692307692,13.0,29.11828205128205,39.0,14.64877634375,32.0,58.32194261363636,44.0,2.4644423157894737,38.0,49.941,39.0,12.3,13.0
2021-10-20,10.028205153846155,13.0,30.726625000000002,40.0,19.50004453125,32.0,61.56546145454545,44.0,2.540607026315789,38.0,55.471,40.0,15.0,13.0
2021-10-21,10.96923076923077,13.0,32.99066666666666,39.0,22.52907246875,32.0,64.87974838636363,44.0,2.4374843684210523,38.0,57.0,39.0,19.5,13.0
2021-10-22,11.430769230769231,13.0,32.14233333333333,39.0,17.466111625,32.0,63.39573856818181,44.0,2.9152412368421055,38.0,56.0,39.0,20.1,13.0
2021-10-23,7.746153846153846,13.0,29.276051282051284,39.0,8.16971759375,32.0,62.42174595454546,44.0,3.200867315789474,38.0,46.294000000000004,39.0,12.7,13.0
2021-10-24,7.053846153846154,13.0,33.5535641025641,39.0,7.5696048750000005,32.0,63.560984954545454,44.0,2.8663377368421052,38.0,48.059,39.0,9.4,13.0
2021-10-25,8.653846153846153,13.0,26.677256410256412,39.0,10.21759525,32.0,58.51524627272727,44.0,3.909100921052632,38.0,38.294000000000004,39.0,19.5,13.0
2021-10-26,8.116666666666667,12.0,23.76657894736842,38.0,14.60117396875,32.0,58.410223159090904,44.0,2.9699513421052632,38.0,42.118,38.0,13.9,12.0
2021-10-27,9.330769230769231,13.0,23.38721052631579,38.0,21.16742653125,32.0,65.99895836363636,44.0,2.5514255263157897,38.0,38.118,38.0,15.6,13.0
2021-10-28,7.816666666666666,12.0,23.488325,40.0,21.05118765625,32.0,72.82514879545455,44.0,3.3037124210526314,38.0,38.176,40.0,17.2,12.0
2021-10-29,8.602564076923077,13.0,27.202350000000003,40.0,22.00981403125,32.0,70.67310611363636,44.0,2.4663377368421053,38.0,47.235,40.0,14.2,13.0
2021-10-30,11.106730769230769,13.0,39.436775,40.0,14.2541666875,32.0,65.6002841590909,44.0,2.8283990263157897,38.0,61.412,40.0,21.6,13.0
2021-10-31,12.516666666666666,12.0,30.450025,40.0,9.232144375,32.0,62.94375002272727,44.0,2.502850868421053,38.0,42.059,40.0,25.7,12.0
2021-11-01,15.129670307692306,13.0,20.488225,40.0,18.634995687500002,32.0,61.71117427272727,44.0,2.247587710526316,38.0,36.117999999999995,40.0,29.6,13.0
2021-11-02,12.276923076923076,13.0,18.390774999999998,40.0,18.35870287096774,31.0,62.50236745454545,44.0,2.2357894736842105,38.0,39.412000000000006,40.0,26.9,13.0
2021-11-03,13.707692307692309,13.0,21.035425,40.0,22.413868,31.0,65.71162070454545,44.0,2.2539473157894734,38.0,43.059,40.0,24.1,13.0
2021-11-04,17.80833330769231,13.0,25.901975,40.0,24.0767189,30.0,66.46875004545456,44.0,2.1704606052631576,38.0,51.412,40.0,38.5,13.0
2021-11-05,16.95658123076923,13.0,30.358150000000002,40.0,23.95966241935484,31.0,65.79948534090909,44.0,2.4554156842105264,38.0,50.588,40.0,35.0,13.0
2021-11-06,23.90909090909091,11.0,37.643950000000004,40.0,18.936384896551726,29.0,63.45503888636363,44.0,2.4699561578947367,38.0,58.412,40.0,43.3,11.0
2021-11-07,26.654545454545453,11.0,35.558875,40.0,15.047741413793103,29.0,60.92523236363636,44.0,2.4061403421052634,38.0,55.705999999999996,40.0,53.4,11.0
2021-11-08,17.20909090909091,11.0,29.883,40.0,17.449009699999998,30.0,60.39094356818182,44.0,2.4460526315789473,38.0,48.471000000000004,40.0,37.7,11.0
2021-11-09,13.76239323076923,13.0,29.922025,40.0,16.621120903225805,31.0,61.41256022727273,44.0,2.816138368421053,38.0,41.529,40.0,24.555556,13.0
2021-11-10,14.584615384615384,13.0,24.7635,40.0,20.138376419354838,31.0,64.68603656818182,44.0,2.4405701578947365,38.0,40.882000000000005,40.0,25.4,13.0
2021-11-11,7.592307692307693,13.0,26.47355,40.0,19.511862967741937,31.0,72.32445077272727,44.0,4.131140394736843,38.0,38.0,40.0,21.8,13.0
2021-11-12,6.684615384615385,13.0,22.05135,40.0,19.603518612903226,31.0,74.82717804545454,44.0,3.8103070526315785,38.0,39.353,40.0,21.9,13.0
2021-11-13,9.008333333333335,12.0,22.18675,40.0,20.591361,31.0,70.95454547727273,44.0,2.315131605263158,38.0,38.882,40.0,14.9,12.0
2021-11-14,12.483333333333334,12.0,24.058825,40.0,21.315308741935485,31.0,70.00274625,44.0,2.1551535,38.0,43.059,40.0,27.4,12.0
2021-11-15,12.853846153846153,13.0,27.124374999999997,40.0,26.0769020625,32.0,67.50318672727272,44.0,2.314473710526316,38.0,52.294,40.0,22.8,13.0
2021-11-16,16.1,13.0,25.418174999999998,40.0,21.38652934375,32.0,62.25151513636364,44.0,2.344307815789474,38.0,45.765,40.0,29.2,13.0
2021-11-17,14.546153846153846,13.0,20.512525,40.0,21.24138709375,32.0,60.837689409090906,44.0,2.1699561315789473,38.0,45.0,40.0,29.6,13.0
2021-11-18,20.408333333333335,12.0,20.5748,40.0,26.3502204375,32.0,60.274213568181814,44.0,2.156513131578947,38.0,47.765,40.0,40.3,12.0
2021-11-19,20.523076923076925,13.0,21.181175,40.0,24.1851901875,32.0,59.68281686363636,44.0,2.1568680789473684,38.0,46.0,40.0,35.1,13.0
2021-11-20,26.60979023076923,13.0,25.954,39.0,21.19166103125,32.0,59.36998106818182,44.0,2.0828947105263156,38.0,45.235,39.0,52.1,13.0
2021-11-21,9.86153846153846,13.0,29.857825000000002,40.0,10.86982571875,32.0,66.80946968181819,44.0,5.421271947368421,38.0,40.529,40.0,25.8,13.0
2021-11-22,7.1461538461538465,13.0,20.572499999999998,40.0,20.28180140625,32.0,65.86287877272727,44.0,2.979386,38.0,39.824,40.0,13.9,13.0
2021-11-23,8.046153846153846,13.0,25.7121,40.0,21.07597171875,32.0,62.83967809090909,44.0,2.617667736842105,38.0,47.353,40.0,13.9,13.0
2021-11-24,9.8,13.0,36.21425,40.0,16.19143434375,32.0,59.567277931818175,44.0,4.561991657894737,38.0,45.587999999999994,40.0,18.8,13.0
2021-11-25,6.815812,13.0,33.19394871794872,39.0,7.35086096875,32.0,61.099608909090904,44.0,6.619506459459459,37.0,43.471000000000004,39.0,15.1,13.0
2021-11-26,8.858333333333333,12.0,25.128307692307693,39.0,17.7096515625,32.0,60.03446972727273,44.0,2.957770189189189,37.0,43.471000000000004,39.0,16.7,12.0
2021-11-27,13.266666666666666,12.0,22.092000000000002,39.0,21.5533706875,32.0,59.94696972727272,44.0,2.004954918918919,37.0,43.471000000000004,39.0,25.0,12.0
2021-11-28,17.058333333333334,12.0,22.5025,40.0,22.24366503125,32.0,61.62992425,44.0,2.1143018108108107,37.0,43.471000000000004,40.0,36.1,12.0
2021-11-29,15.705917153846153,13.0,18.1441,40.0,30.026283437500002,32.0,63.062619431818185,44.0,2.0100764324324323,37.0,40.940999999999995,40.0,31.4,13.0
2021-11-30,16.923076923076923,13.0,18.19855,40.0,29.64214775,32.0,62.749802340909085,44.0,2.334346864864865,37.0,41.76499999999999,40.0,32.7,13.0
2021-12-01,16.823076923076925,13.0,17.41584210526316,38.0,29.489684,31.0,63.557457,43.0,2.3610783333333334,36.0,42.353,38.0,37.7,13.0
2021-12-02,20.77692307692308,13.0,20.060076923076924,39.0,29.05714187096774,31.0,58.865794534883726,43.0,2.1827545833333333,36.0,43.059,39.0,49.0,13.0
2021-12-03,27.623076923076926,13.0,20.875871794871795,39.0,25.61057448387097,31.0,57.32344965116279,43.0,2.167361083333333,36.0,44.176,39.0,58.3,13.0
2021-12-04,28.83076923076923,13.0,22.27674358974359,39.0,21.359881032258063,31.0,56.23924425581395,43.0,2.006713,36.0,45.117999999999995,39.0,64.5,13.0
2021-12-05,30.27692307692308,13.0,21.58748717948718,39.0,21.54269516129032,31.0,57.47839141860465,43.0,2.091666694444444,36.0,43.176,39.0,71.7,13.0
2021-12-06,23.200000000000003,13.0,29.939342105263155,38.0,22.607971,32.0,58.525505511627905,43.0,2.5476851944444445,36.0,46.235,38.0,47.8,13.0
2021-12-07,16.792307692307695,13.0,17.14791891891892,37.0,17.08377653125,32.0,56.58351453488372,43.0,2.0001106944444444,36.0,34.471000000000004,37.0,35.1,13.0
2021-12-08,15.330769230769231,13.0,27.184736842105263,38.0,18.475497125,32.0,55.93276037209303,43.0,2.4476727027027025,37.0,40.176,38.0,33.3,13.0
2021-12-09,8.330769230769231,13.0,26.031324324324324,37.0,12.37946915625,32.0,53.16647293023256,43.0,3.4447072972972976,37.0,39.118,37.0,12.7,13.0
2021-12-10,8.73076923076923,13.0,19.11994736842105,38.0,17.087992,31.0,49.935271302325575,43.0,2.3145270270270273,37.0,38.941,38.0,17.6,13.0
2021-12-11,10.953846153846154,13.0,20.365315789473687,38.0,17.19711322580645,31.0,49.71618223255813,43.0,2.2862613243243244,37.0,39.353,38.0,18.3,13.0
2021-12-12,14.992307692307692,13.0,23.267763157894734,38.0,18.16709135483871,31.0,50.10891472093023,43.0,2.1852477297297295,37.0,43.0,38.0,29.8,13.0
2021-12-13,13.538461538461538,13.0,27.699918918918918,37.0,17.39904093548387,31.0,49.648061999999996,43.0,3.0143018648648647,37.0,40.235,37.0,26.5,13.0
2021-12-14,5.269230769230769,13.0,30.25622222222222,36.0,8.90651753125,32.0,49.28691862790698,43.0,5.873085567567568,37.0,39.588,36.0,19.9,13.0
2021-12-15,8.623076923076923,13.0,16.23413888888889,36.0,17.593526906250002,32.0,44.5504844883721,43.0,2.0419066486486486,37.0,30.941,36.0,16.8,13.0
2021-12-16,12.046153846153846,13.0,15.807289473684211,38.0,19.84427465625,32.0,46.670155,43.0,2.159684675675676,37.0,33.647000000000006,38.0,23.7,13.0
2021-12-17,8.853846153846154,13.0,22.74142105263158,38.0,17.60944103225806,31.0,51.58236434883721,43.0,3.420045054054054,37.0,37.824000000000005,38.0,19.6,13.0
2021-12-18,11.13846153846154,13.0,18.620736842105263,38.0,19.980886322580645,31.0,50.778972883720925,43.0,2.5564188918918918,37.0,36.882,38.0,20.0,13.0
2021-12-19,16.107692307692307,13.0,18.447315789473684,38.0,20.233951806451614,31.0,49.31686048837209,43.0,2.068243216216216,37.0,37.706,38.0,31.3,13.0
2021-12-20,19.56153846153846,13.0,15.036999999999999,38.0,26.559267806451615,31.0,50.50722755813954,43.0,1.7705759189189187,37.0,40.471,38.0,43.1,13.0
2021-12-21,17.97692307692308,13.0,11.87171052631579,38.0,29.1317084516129,31.0,53.773265348837214,43.0,1.693338108108108,37.0,37.273,38.0,30.9,13.0
2021-12-22,19.915384615384614,13.0,15.456846153846154,39.0,31.104871343750002,32.0,55.56472865116279,43.0,1.8529475135135134,37.0,41.5,39.0,35.0,13.0
2021-12-23,10.76923076923077,13.0,26.13423076923077,39.0,17.515468375,32.0,53.55978679069767,43.0,3.279729702702703,37.0,37.235,39.0,20.1,13.0
2021-12-24,6.026495692307692,13.0,28.173333333333332,39.0,7.8620871875,32.0,53.514857953488374,43.0,3.703641108108108,37.0,41.706,39.0,12.0,13.0
2021-12-25,7.261538461538462,13.0,34.58669230769231,39.0,6.72009384375,32.0,49.444282976744184,43.0,3.1070947027027027,37.0,42.528999999999996,39.0,16.8,13.0
2021-12-26,4.676923076923076,13.0,27.66212820512821,39.0,7.17975075,32.0,49.49195741860465,43.0,3.36114872972973,37.0,41.412,39.0,7.1,13.0
2021-12-27,5.938461538461539,13.0,28.487179487179485,39.0,12.042315125,32.0,46.26211244186047,43.0,3.3382882432432432,37.0,41.0,39.0,11.2,13.0
2021-12-28,4.853846153846154,13.0,25.34197435897436,39.0,12.9789549375,32.0,46.383624000000005,43.0,2.9274725675675675,37.0,39.940999999999995,39.0,9.9,13.0
2021-12-29,4.9692307692307685,13.0,28.978589743589744,39.0,11.583811125,32.0,46.84496125581395,43.0,3.1512387297297297,37.0,39.0,39.0,8.2,13.0
2021-12-30,5.730316769230769,13.0,19.83130769230769,39.0,9.87522190625,32.0,49.79709306976744,43.0,3.15484227027027,37.0,37.412,39.0,10.1,13.0
2021-12-31,10.069230769230769,13.0,27.57943243243243,37.0,11.39134909375,32.0,50.58013558139535,43.0,3.1456306486486487,37.0,38.0,37.0,17.4,13.0
2022-01-01,11.021428571428572,14.0,27.608128205128207,39.0,8.83318946875,32.0,48.81259923809524,42.0,3.5493287222222225,36.0,44.765,39.0,21.0,14.0
2022-01-02,9.62857142857143,14.0,22.566076923076924,39.0,13.90422859375,32.0,46.39434519047619,42.0,2.66574075,36.0,39.471,39.0,24.5,14.0
2022-01-03,10.707142857142857,14.0,19.301128205128204,39.0,21.39519078125,32.0,47.45629245238096,42.0,2.2622685,36.0,46.118,39.0,21.0,14.0
2022-01-04,12.6,14.0,18.706769230769233,39.0,22.87180225,32.0,49.84612666666666,42.0,1.9032759722222221,36.0,41.706,39.0,26.7,14.0
2022-01-05,15.928571428571429,14.0,17.067589743589743,39.0,25.78597971875,32.0,53.609577904761906,42.0,2.148821555555555,36.0,41.588,39.0,30.2,14.0
2022-01-06,15.335714285714285,14.0,15.694384615384616,39.0,27.822870031249998,32.0,56.460071642857145,42.0,1.836689777777778,36.0,41.76499999999999,39.0,22.7,14.0
2022-01-07,16.964285714285715,14.0,29.78451282051282,39.0,21.33649725,32.0,53.701686499999994,42.0,2.723495361111111,36.0,46.118,39.0,32.5,14.0
2022-01-08,15.721428571428572,14.0,24.868794871794872,39.0,13.63857146875,32.0,54.099206357142855,42.0,2.1370370000000003,36.0,41.412,39.0,28.4,14.0
2022-01-09,10.25,14.0,28.80084615384615,39.0,14.128853125000001,32.0,56.04821428571429,42.0,3.356134277777778,36.0,44.882,39.0,24.4,14.0
2022-01-10,5.846153846153846,13.0,25.919820512820515,39.0,16.02513275,32.0,57.2941985952381,42.0,4.108791277777778,36.0,43.824000000000005,39.0,14.8,13.0
2022-01-11,5.521428571428571,14.0,24.791631578947367,38.0,18.50117371875,32.0,59.78363619047619,42.0,3.724390861111111,36.0,46.176,38.0,15.4,14.0
2022-01-12,9.221428571428572,14.0,17.098333333333333,39.0,25.689076875,32.0,57.98928569047619,42.0,2.384259277777778,36.0,42.471000000000004,39.0,20.7,14.0
2022-01-13,12.304621857142857,14.0,10.30397435897436,39.0,31.62217665625,32.0,59.2474915,42.0,1.5064979444444444,36.0,42.175999999999995,39.0,24.0,14.0
2022-01-14,11.007142857142856,14.0,26.383512820512816,39.0,24.03035384375,32.0,61.83125002380952,42.0,3.6104166666666666,36.0,43.0,39.0,22.8,14.0
2022-01-15,8.47857142857143,14.0,20.75869230769231,39.0,18.4757448125,32.0,59.57926585714286,42.0,3.0846065,36.0,41.529,39.0,21.7,14.0
2022-01-16,8.25,14.0,23.950526315789475,38.0,14.853445125,32.0,60.28882276190476,42.0,2.2565585555555554,36.0,41.471000000000004,38.0,21.7,14.0
2022-01-17,10.535714285714286,14.0,20.137282051282053,39.0,16.67554765625,32.0,57.32245669047619,42.0,2.0334805555555553,36.0,38.471,39.0,21.1,14.0
2022-01-18,9.228571428571428,14.0,23.136410256410255,39.0,13.746395875000001,32.0,56.98105154761905,42.0,2.3812499999999996,36.0,34.647,39.0,13.8,14.0
2022-01-19,16.164285714285715,14.0,18.999641025641026,39.0,18.404263967741937,31.0,55.90694247619047,42.0,2.067455777777778,36.0,41.588,39.0,30.3,14.0
2022-01-20,9.514285714285714,14.0,21.498410256410256,39.0,19.62819212903226,31.0,58.950396761904756,42.0,3.129282388888889,36.0,42.706,39.0,15.2,14.0
2022-01-21,8.05,14.0,36.162615384615385,39.0,14.933801225806452,31.0,57.15803576190476,42.0,4.708796277777778,36.0,41.175999999999995,39.0,15.1,14.0
2022-01-22,4.4,14.0,33.14479487179487,39.0,5.999715387096774,31.0,59.4952380952381,42.0,7.152083361111112,36.0,40.294000000000004,39.0,7.1,14.0
2022-01-23,5.485714285714286,14.0,26.882256410256414,39.0,11.733592967741934,31.0,59.72113819512195,41.0,3.9635713999999997,35.0,41.353,39.0,11.1,14.0
2022-01-24,8.95,14.0,22.13615384615385,39.0,21.448626,32.0,56.646363585365854,41.0,2.472499942857143,35.0,43.528999999999996,39.0,13.6,14.0
2022-01-25,10.307692307692308,13.0,28.34338461538462,39.0,20.67507009375,32.0,55.08537585365854,41.0,2.9880102571428573,35.0,44.471,39.0,20.3,13.0
2022-01-26,8.26923076923077,13.0,24.301102564102564,39.0,19.0415286875,32.0,54.08628048780488,41.0,3.058722611111111,36.0,42.706,39.0,17.2,13.0
2022-01-27,7.161538461538461,13.0,28.725717948717946,39.0,20.58934746875,32.0,54.955828073170736,41.0,3.4321759444444444,36.0,45.471,39.0,13.6,13.0
2022-01-28,5.828571428571428,14.0,31.90923076923077,39.0,14.461825125,32.0,56.460570023809524,42.0,4.95975525,36.0,48.294,39.0,11.7,14.0
2022-01-29,11.071428571428571,14.0,20.668179487179486,39.0,23.04930384375,32.0,53.455314666666666,42.0,2.372552972222222,36.0,42.882000000000005,39.0,24.3,14.0
2022-01-30,11.921428571428573,14.0,24.797846153846155,39.0,18.54742328125,32.0,54.67192461904762,42.0,2.6435185555555556,36.0,44.059,39.0,20.2,14.0
2022-01-31,14.395378142857142,14.0,21.80546153846154,39.0,25.3500334375,32.0,52.74584314285715,42.0,1.9073596666666666,36.0,49.118,39.0,25.7,14.0
2022-02-01,14.626339285714286,14.0,27.86251282051282,39.0,19.24353146875,32.0,53.62242069047619,42.0,2.449397333333333,36.0,42.647,39.0,29.6,14.0
2022-02-02,8.571428571428571,14.0,33.47210256410256,39.0,12.3160283125,32.0,51.31686511904762,42.0,6.633101916666666,36.0,46.882,39.0,24.8,14.0
2022-02-03,6.235714285714286,14.0,28.869000000000003,39.0,17.4473543125,32.0,51.76685473809524,42.0,4.2884589166666665,36.0,45.0,39.0,16.4,14.0
2022-02-04,5.835714285714286,14.0,29.955128205128204,39.0,15.030265125,32.0,53.249305547619045,42.0,4.488888888888889,36.0,44.176,39.0,13.3,14.0
2022-02-05,6.578571428571428,14.0,30.55207692307692,39.0,16.55326809375,32.0,54.99632942857143,42.0,3.506944472222222,36.0,47.824,39.0,11.9,14.0
2022-02-06,7.064285714285715,14.0,32.79038461538462,39.0,15.06005759375,32.0,60.74424604761905,42.0,4.439004611111112,36.0,46.765,39.0,23.1,14.0
2022-02-07,6.335714285714286,14.0,27.89284615384615,39.0,19.57526003125,32.0,60.824417690476196,42.0,3.3213164444444443,36.0,46.471,39.0,15.4,14.0
2022-02-08,7.1571428571428575,14.0,29.858153846153847,39.0,21.517223875,32.0,62.56765876190476,42.0,3.4258151944444446,36.0,45.587999999999994,39.0,14.7,14.0
2022-02-09,5.895454571428572,14.0,33.51184615384615,39.0,17.87305259375,32.0,68.89314435714286,42.0,4.763974166666667,36.0,46.059000000000005,39.0,16.9,14.0
2022-02-10,5.5790178571428575,14.0,28.469666666666665,39.0,15.297717406250001,32.0,70.75158730952381,42.0,5.190509305555556,36.0,42.647,39.0,12.2,14.0
2022-02-11,7.971428571428571,14.0,28.967333333333336,39.0,22.0825605,32.0,68.57410714285714,42.0,3.0270833611111114,36.0,42.824,39.0,14.9,14.0
2022-02-12,8.535714285714286,14.0,29.36051282051282,39.0,18.36338164516129,31.0,68.4387896904762,42.0,3.0116898333333335,36.0,46.412,39.0,15.6,14.0
2022-02-13,8.471428571428572,14.0,31.49623076923077,39.0,16.607096096774193,31.0,65.47073416666666,42.0,2.5849536666666664,36.0,48.059,39.0,15.0,14.0
2022-02-14,9.807142857142859,14.0,39.18092307692308,39.0,20.276345375000002,32.0,62.06307795238095,42.0,2.9711805555555557,36.0,55.176,39.0,17.9,14.0
2022-02-15,9.335714285714285,14.0,33.295435897435894,39.0,8.18199634375,32.0,52.57869654761904,42.0,4.811458472222222,36.0,45.111,39.0,21.4,14.0
2022-02-16,7.25,14.0,29.858897435897436,39.0,13.61620596875,32.0,52.47115257142857,42.0,3.5720838333333336,36.0,43.235,39.0,12.9,14.0
2022-02-17,5.435714285714285,14.0,26.153717948717947,39.0,13.74529865625,32.0,56.202480095238094,42.0,4.634259111111111,36.0,42.882000000000005,39.0,10.3,14.0
2022-02-18,7.857142857142857,14.0,25.913,39.0,21.180317375,32.0,56.51904771428572,42.0,2.7262731666666666,36.0,42.882000000000005,39.0,15.2,14.0
2022-02-19,10.328571428571427,14.0,28.762666666666664,39.0,18.53284196875,32.0,58.949404785714286,42.0,2.5128472222222222,36.0,45.0,39.0,18.6,14.0
2022-02-20,11.364285714285714,14.0,43.41330769230769,39.0,12.96935075,32.0,56.740773833333336,42.0,3.439351888888889,36.0,52.706,39.0,22.9,14.0
2022-02-21,9.37857142857143,14.0,40.19905128205128,39.0,7.2141370625,32.0,54.32222219047619,42.0,4.971296333333333,36.0,45.647,39.0,15.9,14.0
2022-02-22,5.228571428571429,14.0,37.26915384615385,39.0,7.144467,32.0,50.200892833333334,42.0,5.538501472222222,36.0,44.0,39.0,8.8,14.0
2022-02-23,3.9214285714285713,14.0,30.045666666666666,39.0,9.43016671875,32.0,44.5670505,42.0,3.753405888888889,36.0,40.588,39.0,7.9,14.0
2022-02-24,6.678571428571429,14.0,26.439692307692304,39.0,15.695678000000001,32.0,45.894785166666665,42.0,2.6861905142857143,35.0,40.412,39.0,15.3,14.0
2022-02-25,9.385714285714286,14.0,28.971153846153847,39.0,20.26321084375,32.0,49.25833333333333,42.0,2.4902381142857144,35.0,43.941,39.0,16.4,14.0
2022-02-26,8.514285714285714,14.0,31.248948717948718,39.0,16.024890875,32.0,53.293608261904765,42.0,3.5090645428571428,35.0,43.941,39.0,23.3,14.0
2022-02-27,7.007142857142857,14.0,33.293846153846154,39.0,14.09633265625,32.0,56.929861095238095,42.0,3.2365476285714285,35.0,47.294000000000004,39.0,16.7,14.0
2022-02-28,6.3,14.0,32.222512820512826,39.0,17.65930221875,32.0,64.80157835714286,42.0,4.355466342857143,35.0,47.765,39.0,13.9,14.0
2022-03-01,6.5928571428571425,14.0,28.73479487179487,39.0,21.68150109375,32.0,67.43501985714286,42.0,3.396224514285714,35.0,46.647,39.0,13.0,14.0
2022-03-02,9.542857142857143,14.0,33.14353846153846,39.0,24.968105875,32.0,65.65172257142856,42.0,2.6104658,35.0,50.941,39.0,18.5,14.0
2022-03-03,11.884693857142858,14.0,43.570846153846155,39.0,16.61509984375,32.0,60.15331638095238,42.0,3.691300257142857,35.0,54.471,39.0,22.3,14.0
2022-03-04,5.621428571428572,14.0,36.07171794871795,39.0,8.26989653125,32.0,55.12420635714286,42.0,3.937142885714286,35.0,42.588,39.0,10.5,14.0
2022-03-05,6.292857142857143,14.0,34.6614358974359,39.0,6.096871,32.0,49.775056642857145,42.0,5.038452342857143,35.0,45.705999999999996,39.0,10.2,14.0
2022-03-06,7.085714285714286,14.0,30.222846153846156,39.0,9.3577136875,32.0,50.12430557142858,42.0,2.806785685714286,35.0,40.412,39.0,10.6,14.0
2022-03-07,7.0,14.0,33.541179487179484,39.0,13.966846625,32.0,53.59660716666666,42.0,4.668690457142858,35.0,46.0,39.0,12.7,14.0
2022-03-08,5.6571428571428575,14.0,32.06787179487179,39.0,16.171665625,32.0,55.95188485714285,42.0,3.567743342857143,35.0,45.471,39.0,11.3,14.0
2022-03-09,8.3,14.0,40.87582051282051,39.0,15.0817243125,32.0,55.98927942857143,42.0,3.3523221714285714,35.0,52.235,39.0,13.6,14.0
2022-03-10,11.776923076923076,13.0,40.04161538461538,39.0,9.5979671875,32.0,57.245794476190476,42.0,4.797023857142857,35.0,48.588,39.0,26.8,13.0
2022-03-11,5.476923076923077,13.0,34.50192307692308,39.0,14.1514291875,32.0,58.35873016666667,42.0,4.3328572,35.0,48.412,39.0,11.8,13.0
2022-03-12,7.084615384615384,13.0,36.24728205128205,39.0,16.834871125,32.0,60.129199642857145,42.0,2.8446428285714287,35.0,49.528999999999996,39.0,13.7,13.0
2022-03-13,9.676923076923076,13.0,42.49617948717949,39.0,11.10656271875,32.0,59.67817466666666,42.0,3.464166657142857,35.0,54.235,39.0,16.7,13.0
2022-03-14,9.876923076923077,13.0,34.191589743589745,39.0,16.31850965625,32.0,63.05456352380952,42.0,2.6696428,35.0,52.176,39.0,15.4,13.0
2022-03-15,11.03076923076923,13.0,39.95357894736842,38.0,19.68887084375,32.0,64.3681548095238,42.0,2.8836438285714285,35.0,60.352999999999994,38.0,17.0,13.0
2022-03-16,9.246153846153847,13.0,36.51639473684211,38.0,12.787749903225807,31.0,64.1076389047619,42.0,4.228214257142857,35.0,46.412,38.0,15.1,13.0
2022-03-17,7.776923076923077,13.0,35.90028947368421,38.0,14.864458322580644,31.0,66.34077385714286,42.0,3.4402380285714287,35.0,51.235,38.0,13.1,13.0
2022-03-18,10.046153846153846,13.0,39.12842105263158,38.0,17.70441622580645,31.0,65.26101188095238,42.0,2.5997620285714285,35.0,54.176,38.0,16.6,13.0
2022-03-19,9.684615384615386,13.0,39.72910526315789,38.0,11.341747258064515,31.0,60.83472223809523,42.0,4.302976228571429,35.0,51.647,38.0,14.4,13.0
2022-03-20,5.607692307692308,13.0,37.306552631578946,38.0,4.714966548387097,31.0,60.35287697619048,42.0,5.545833342857143,35.0,47.235,38.0,11.1,13.0
2022-03-21,8.161538461538461,13.0,34.63110526315789,38.0,12.674997129032258,31.0,64.03276395238096,42.0,3.9878571428571425,35.0,45.529,38.0,14.4,13.0
2022-03-22,7.346153846153846,13.0,33.92167567567568,37.0,15.54671270967742,31.0,70.07152780952381,42.0,4.219337638888889,36.0,47.588,37.0,14.1,13.0
2022-03-23,5.876923076923077,13.0,36.671108108108115,37.0,17.470757193548387,31.0,70.41670916666666,42.0,3.0745370555555556,36.0,53.923,37.0,11.1,13.0
2022-03-24,8.115384615384615,13.0,38.17731578947369,38.0,20.337263625,32.0,70.27944104761904,42.0,2.767350611111111,36.0,59.941,38.0,13.7,13.0
2022-03-25,10.623076923076923,13.0,37.4678717948718,39.0,20.063849375,32.0,70.2376235,42.0,2.819444416666667,36.0,55.0,39.0,16.8,13.0
2022-03-26,11.276923076923076,13.0,41.92605128205128,39.0,12.8189646875,32.0,67.59652783333334,42.0,3.2957175833333334,36.0,55.059,39.0,19.0,13.0
2022-03-27,8.053846153846154,13.0,44.32879487179487,39.0,4.93352109375,32.0,63.08422619047619,42.0,4.109606527777777,36.0,53.117999999999995,39.0,13.6,13.0
2022-03-28,4.93076923076923,13.0,35.87182051282051,39.0,6.20988540625,32.0,56.84712304761904,42.0,4.535532416666666,36.0,44.294,39.0,7.6,13.0
2022-03-29,5.869230769230769,13.0,32.02710256410256,39.0,10.1819751875,32.0,57.02837302380952,42.0,3.6799086111111112,36.0,45.059000000000005,39.0,15.1,13.0
2022-03-30,8.453846153846154,13.0,37.68920512820513,39.0,10.9956170625,32.0,61.003575142857144,42.0,3.8171332222222225,36.0,46.0,39.0,14.7,13.0
2022-03-31,8.753846153846153,13.0,33.84526315789474,38.0,8.453821156250001,32.0,60.32156123809524,42.0,3.560105555555556,36.0,48.765,38.0,12.8,13.0
2022-04-01,12.192857142857141,14.0,38.895589743589746,39.0,12.72279646875,32.0,62.97162697619048,42.0,3.2431713055555553,36.0,56.824,39.0,23.2,14.0
2022-04-02,14.335714285714285,14.0,44.49179487179487,39.0,10.65039059375,32.0,61.937003999999995,42.0,3.060185111111111,36.0,59.647,39.0,30.6,14.0
2022-04-03,10.742857142857144,14.0,42.68938461538461,39.0,6.23290878125,32.0,62.06865078571428,42.0,3.7828703333333333,36.0,55.118,39.0,18.8,14.0
2022-04-04,12.678571428571429,14.0,38.822051282051284,39.0,12.78793675,32.0,64.40297623809523,42.0,2.9633101388888887,36.0,56.705999999999996,39.0,20.6,14.0
2022-04-05,12.714285714285714,14.0,37.42166666666667,39.0,14.57153525,32.0,68.21984121428571,42.0,3.057049611111111,36.0,65.706,39.0,21.2,14.0
2022-04-06,11.642857142857142,14.0,40.666666666666664,39.0,17.3012171875,32.0,73.63313497619048,42.0,3.171875,36.0,54.176,39.0,18.8,14.0
2022-04-07,7.635714285714286,14.0,39.420846153846156,39.0,14.140279187500001,32.0,77.96259014285714,42.0,4.526104861111111,36.0,58.235,39.0,15.0,14.0
2022-04-08,7.6499999999999995,14.0,38.68741025641025,39.0,15.69015925,32.0,80.10649161904762,42.0,3.442098111111111,36.0,51.706,39.0,13.5,14.0
2022-04-09,14.778571428571428,14.0,49.900128205128205,39.0,11.23898321875,32.0,72.67256069047619,42.0,4.097460527777778,36.0,60.412,39.0,21.3,14.0
2022-04-10,17.65,14.0,47.52089743589744,39.0,4.16187728125,32.0,65.02212302380951,42.0,4.824652777777778,36.0,53.235,39.0,30.1,14.0
2022-04-11,17.42142857142857,14.0,42.666666666666664,39.0,6.16745621875,32.0,60.576884880952385,42.0,5.8408565277777775,36.0,48.0,39.0,64.0,14.0
2022-04-12,6.442857142857143,14.0,43.133743589743595,39.0,6.23494815625,32.0,56.81259921428572,42.0,5.534541083333334,36.0,50.7,39.0,8.9,14.0
2022-04-13,7.977857142857142,14.0,43.329076923076926,39.0,12.0950474375,32.0,57.56428571428571,42.0,3.3806713055555555,36.0,56.714,39.0,9.9,14.0
2022-04-14,9.6,14.0,44.688,39.0,12.832566875,32.0,60.42680645238095,42.0,3.551197666666667,36.0,60.059000000000005,39.0,13.0,14.0
2022-04-15,8.892857142857142,14.0,42.45138461538462,39.0,10.54546378125,32.0,62.178075380952386,42.0,3.7832176388888885,36.0,57.706,39.0,12.7,14.0
2022-04-16,7.721428571428572,14.0,33.272999999999996,39.0,5.5554630625,32.0,61.54583328571429,42.0,4.640856527777777,36.0,48.647000000000006,39.0,17.8,14.0
2022-04-17,7.564285714285714,14.0,39.990025641025646,39.0,5.78800384375,32.0,65.32579361904762,42.0,3.3408564166666666,36.0,61.235,39.0,10.5,14.0
2022-04-18,10.708730142857144,14.0,44.84474358974359,39.0,13.75735396875,32.0,68.73789678571428,42.0,3.418634222222222,36.0,67.52900000000001,39.0,14.5,14.0
2022-04-19,8.461538461538462,13.0,36.7723076923077,39.0,10.9725734375,32.0,66.64533730952381,42.0,4.763012499999999,36.0,48.588,39.0,11.5,13.0
2022-04-20,7.115384615384615,13.0,39.20151282051282,39.0,6.3453739375,32.0,62.695311452380956,42.0,4.707986083333333,36.0,50.25,39.0,19.1,13.0
2022-04-21,5.972189384615385,13.0,39.03773684210526,38.0,8.7256556875,32.0,61.104441146341465,41.0,4.794526885714285,35.0,50.059,38.0,8.3,13.0
2022-04-22,5.545454583333334,12.0,35.715131578947364,38.0,6.60130384375,32.0,57.47306909756097,41.0,5.837881028571429,35.0,49.882000000000005,38.0,7.6,12.0
2022-04-23,6.818181818181818,11.0,39.883315789473684,38.0,9.0282949375,32.0,62.72997970731708,41.0,3.4915475714285713,35.0,49.412,38.0,11.1,11.0
2022-04-24,5.754545454545454,11.0,39.87142105263158,38.0,8.971739125000001,32.0,68.72926824390244,41.0,4.080119142857143,35.0,50.647,38.0,10.2,11.0
2022-04-25,8.59027775,12.0,45.919000000000004,38.0,16.08406978125,32.0,71.500813,41.0,3.1072619714285716,35.0,61.059000000000005,38.0,12.1,12.0
2022-04-26,12.325000000000001,12.0,50.71652631578947,38.0,15.03709609375,32.0,69.92995063414635,41.0,3.663039771428571,35.0,66.05900000000001,38.0,16.2,12.0
2022-04-27,15.066666666666668,12.0,48.73852631578948,38.0,7.82250075,32.0,65.38993897560975,41.0,4.336190457142857,35.0,63.35300000000001,38.0,19.0,12.0
2022-04-28,14.916666666666666,12.0,45.4065,38.0,7.64448340625,32.0,61.569468658536586,41.0,4.693894542857143,35.0,62.235,38.0,32.0,12.0
2022-04-29,13.733333333333334,12.0,45.59884210526316,38.0,11.998382843749999,32.0,64.97632112195122,41.0,3.329285657142857,35.0,64.58800000000001,38.0,18.5,12.0
2022-04-30,14.683333333333332,12.0,55.35775675675676,37.0,12.59401046875,32.0,69.06514231707317,41.0,3.5442856857142857,35.0,76.882,37.0,23.3,12.0
2022-05-01,12.736363636363636,11.0,48.55113157894737,38.0,5.94016075,32.0,66.368958325,40.0,4.070955852941176,34.0,63.117999999999995,38.0,17.3,11.0
2022-05-02,12.463636363636363,11.0,47.49539473684211,38.0,8.59719209375,32.0,66.215,40.0,4.0745099117647054,34.0,67.412,38.0,19.7,11.0
2022-05-03,12.1,11.0,43.53076315789474,38.0,8.312275625,32.0,65.91930890243901,41.0,3.7757143142857146,35.0,63.14300000000001,38.0,16.4,11.0
2022-05-04,11.763636363636364,11.0,44.041657894736844,38.0,13.949821625,32.0,69.8361353414634,41.0,3.246085485714286,35.0,57.364,38.0,18.4,11.0
2022-05-05,12.763636363636364,11.0,49.74434210526316,38.0,14.23949996875,32.0,71.44552851219512,41.0,3.4305952,35.0,68.765,38.0,20.8,11.0
2022-05-06,12.0,11.0,47.27555263157895,38.0,13.50771834375,32.0,71.96544712195123,41.0,3.6552380285714285,35.0,69.471,38.0,17.3,11.0
2022-05-07,11.181818181818182,11.0,43.388657894736845,38.0,6.2528985,32.0,68.83411958536585,41.0,4.6715475714285715,35.0,57.76499999999999,38.0,19.3,11.0
2022-05-08,13.945454545454545,11.0,41.574342105263156,38.0,3.5407438125,32.0,62.465751975609756,41.0,5.857857171428572,35.0,52.647,38.0,62.5,11.0
2022-05-09,8.918181818181818,11.0,41.63557894736842,38.0,6.872773125,32.0,59.675763625,40.0,4.421904742857143,35.0,54.0,38.0,11.3,11.0
2022-05-10,6.918181818181818,11.0,38.568447368421054,38.0,9.64958846875,32.0,59.525417649999994,40.0,4.242186142857143,35.0,50.941,38.0,9.9,11.0
2022-05-11,6.418181818181818,11.0,39.57792105263158,38.0,9.00869971875,32.0,58.28376887804878,41.0,4.715936828571429,35.0,52.706,38.0,9.5,11.0
2022-05-12,6.627272727272728,11.0,42.791513513513515,37.0,13.737552125,32.0,66.03485770731707,41.0,3.5223602285714284,35.0,57.824,37.0,9.2,11.0
2022-05-13,8.081818181818182,11.0,45.169210526315794,38.0,16.97630934375,32.0,73.54148187804878,41.0,2.9084523714285715,35.0,62.705999999999996,38.0,12.7,11.0
2022-05-14,9.209090909090909,11.0,56.648666666666664,36.0,14.31983690625,32.0,78.27506102439024,41.0,2.864285685714286,35.0,78.88199999999999,36.0,14.2,11.0
2022-05-15,10.927272727272728,11.0,50.411750000000005,36.0,10.43512225,32.0,75.57865853658537,41.0,3.740357085714286,35.0,65.471,36.0,20.1,11.0
2022-05-16,11.054545454545455,11.0,44.66883333333333,36.0,8.428438,32.0,71.25162602439025,41.0,3.9694047142857145,35.0,74.94099999999999,36.0,16.9,11.0
2022-05-17,11.145454545454545,11.0,43.78344444444444,36.0,8.53769665625,32.0,68.4563361707317,41.0,3.8237577714285718,35.0,64.64699999999999,36.0,16.8,11.0
2022-05-18,13.018181818181818,11.0,49.1837027027027,37.0,10.18828028125,32.0,70.24837397560975,41.0,3.4352381142857142,35.0,69.235,37.0,19.0,11.0
2022-05-19,12.554545454545455,11.0,49.12386486486487,37.0,8.7111030625,32.0,68.64295742499999,40.0,4.041190428571428,35.0,72.059,37.0,18.7,11.0
2022-05-20,6.854545454545455,11.0,39.63648648648648,37.0,6.07857875,32.0,64.23334246341464,41.0,4.601118057142857,35.0,58.118,37.0,19.3,11.0
2022-05-21,7.527272727272727,11.0,42.10494594594595,37.0,5.305587625,32.0,65.33028448780487,41.0,4.114642857142857,35.0,59.765,37.0,10.7,11.0
2022-05-22,10.281818181818181,11.0,47.019081081081076,37.0,6.0718976875,32.0,67.48607726829269,41.0,3.9039284857142857,35.0,70.706,37.0,14.2,11.0
2022-05-23,11.036363636363637,11.0,47.12005405405405,37.0,8.66796121875,32.0,68.2742886097561,41.0,3.560000085714286,35.0,69.353,37.0,17.7,11.0
2022-05-24,13.109090909090908,11.0,49.66281081081081,37.0,11.2401020625,32.0,72.01791521951219,41.0,3.506190485714286,35.0,64.471,37.0,21.8,11.0
2022-05-25,13.754545454545456,11.0,52.022236842105265,38.0,12.27655834375,32.0,73.82868741463415,41.0,3.698306714285714,35.0,86.706,38.0,23.4,11.0
2022-05-26,11.672727272727274,11.0,43.84797368421052,38.0,9.6700855625,32.0,72.25621695121951,41.0,4.0604762,35.0,69.467,38.0,16.6,11.0
2022-05-27,8.654545454545454,11.0,39.89452631578947,38.0,8.70268825,32.0,69.88089431707317,41.0,4.0158334,35.0,61.235,38.0,13.1,11.0
2022-05-28,17.490909090909092,11.0,36.1831052631579,38.0,5.3016078125,32.0,65.5302845609756,41.0,4.816190485714285,35.0,52.528999999999996,38.0,110.2,11.0
2022-05-29,17.299999999999997,11.0,39.770947368421055,38.0,3.786675375,32.0,66.58699187804878,41.0,5.317619028571428,35.0,56.353,38.0,102.3,11.0
2022-05-30,9.363636363636363,11.0,41.73692105263158,38.0,4.70128509375,32.0,67.86524395121951,41.0,4.076785657142858,35.0,59.765,38.0,13.5,11.0
2022-05-31,11.427272727272728,11.0,41.75515789473684,38.0,9.77607153125,32.0,69.92754063414634,41.0,3.403809514285714,35.0,60.059000000000005,38.0,17.5,11.0
2022-06-01,11.909090909090908,11.0,45.19663157894737,38.0,13.328917625,32.0,73.94275065853658,41.0,3.4679761714285715,35.0,64.118,38.0,19.5,11.0
2022-06-02,13.109090909090908,11.0,50.58826315789474,38.0,10.19227684375,32.0,73.842159025,40.0,3.8488572,35.0,72.235,38.0,19.3,11.0
2022-06-03,12.590909090909092,11.0,47.14484210526316,38.0,8.6035093125,32.0,71.5316666,40.0,3.875,35.0,68.52900000000001,38.0,17.5,11.0
2022-06-04,10.018181818181818,11.0,39.458236842105265,38.0,5.6074785,32.0,70.335729125,40.0,4.2391666571428575,35.0,54.882,38.0,17.5,11.0
2022-06-05,7.736363636363635,11.0,36.37776315789474,38.0,4.858271,32.0,72.6753124,40.0,4.105119028571429,35.0,54.059000000000005,38.0,16.2,11.0
2022-06-06,7.218181818181819,11.0,40.846078947368426,38.0,7.500742375,32.0,75.12488555,40.0,3.861827628571429,35.0,71.706,38.0,11.0,11.0
2022-06-07,8.700000000000001,11.0,46.52736842105263,38.0,9.11131053125,32.0,76.367395875,40.0,3.5898810285714284,35.0,78.059,38.0,14.2,11.0
2022-06-08,10.536363636363637,11.0,49.43302631578947,38.0,10.565997124999999,32.0,77.04248182500001,40.0,3.5097619142857144,35.0,78.176,38.0,15.8,11.0
2022-06-09,11.472727272727273,11.0,51.462552631578944,38.0,11.2753844375,32.0,78.47619110000001,40.0,3.4150620857142857,35.0,74.294,38.0,18.8,11.0
2022-06-10,12.154545454545454,11.0,53.66197368421052,38.0,13.7660444375,32.0,81.1754451,40.0,3.5260389714285716,35.0,83.765,38.0,20.3,11.0
2022-06-11,11.20909090909091,11.0,52.696552631578946,38.0,9.97976675,32.0,81.3382291,40.0,3.7230952000000004,35.0,80.0,38.0,14.8,11.0
2022-06-12,9.127272727272727,11.0,42.481394736842105,38.0,6.60930703125,32.0,78.427395875,40.0,4.467857171428571,35.0,57.824,38.0,16.1,11.0
2022-06-13,8.509090909090908,11.0,38.26673684210526,38.0,5.88087021875,32.0,72.9513542,40.0,4.551785742857143,35.0,58.118,38.0,20.5,11.0
2022-06-14,11.245454545454546,11.0,45.61881081081081,37.0,7.96974175,32.0,74.694538725,40.0,3.8404762285714282,35.0,66.235,37.0,15.3,11.0
2022-06-15,14.563636363636363,11.0,51.02123684210526,38.0,10.966138625,32.0,77.28324810000001,40.0,3.5947618857142856,35.0,74.824,38.0,18.1,11.0
2022-06-16,15.072727272727274,11.0,58.47618421052631,38.0,9.92003384375,32.0,77.4989583,40.0,4.079404742857143,35.0,88.941,38.0,21.3,11.0
2022-06-17,11.445454545454545,11.0,46.950736842105265,38.0,7.1027143125,32.0,72.48895830000001,40.0,4.639523857142857,35.0,63.529,38.0,15.6,11.0
2022-06-18,7.781818181818181,11.0,42.14648648648649,37.0,6.09144021875,32.0,69.021621975,40.0,4.257244914285714,35.0,55.353,37.0,11.5,11.0
2022-06-19,7.2,11.0,42.94997297297298,37.0,6.2176468125,32.0,70.83412200000001,40.0,3.5063094571428572,35.0,59.353,37.0,12.4,11.0
2022-06-20,8.6,11.0,48.835054054054055,37.0,12.968222687499999,32.0,78.598768075,40.0,3.214761942857143,35.0,70.824,37.0,15.2,11.0
2022-06-21,11.672727272727274,11.0,43.62123684210526,38.0,13.71007925,32.0,79.237499975,40.0,3.6573914000000003,35.0,61.118,38.0,20.5,11.0
2022-06-22,11.70909090909091,11.0,36.325526315789475,38.0,14.65987075,32.0,78.70749550000001,40.0,3.3966666571428568,35.0,47.294000000000004,38.0,18.4,11.0
2022-06-23,9.936363636363636,11.0,40.53265789473684,38.0,14.098062625,32.0,80.722604125,40.0,3.7704932,35.0,51.941,38.0,15.6,11.0
2022-06-24,8.654545454545454,11.0,45.68734210526316,38.0,14.79476753125,32.0,81.33963775,40.0,3.580833371428571,35.0,61.412,38.0,15.8,11.0
2022-06-25,9.154545454545454,11.0,47.06657894736842,38.0,11.631767129032259,31.0,80.91104165,40.0,3.514047628571429,35.0,68.235,38.0,16.8,11.0
2022-06-26,12.0,10.0,48.52473684210526,38.0,9.785314322580644,31.0,81.8415624,40.0,3.6833332857142858,35.0,75.412,38.0,19.0,10.0
2022-06-27,15.042424272727272,11.0,49.075842105263156,38.0,14.553775161290323,31.0,84.07520825,40.0,3.5772619428571426,35.0,65.0,38.0,31.9,11.0
2022-06-28,10.263636363636364,11.0,51.00384210526315,38.0,13.9704785,32.0,84.80552085000001,40.0,3.8071428285714286,35.0,81.29400000000001,38.0,17.4,11.0
2022-06-29,9.345454545454546,11.0,46.63573684210526,38.0,10.75522121875,32.0,82.9917708,40.0,4.057132,35.0,69.529,38.0,16.5,11.0
2022-06-30,10.127272727272727,11.0,45.39278947368421,38.0,10.00108384375,32.0,81.11124995,40.0,3.907261971428571,35.0,71.882,38.0,18.3,11.0
2022-07-01,9.963636363636363,11.0,41.86076315789474,38.0,10.720536656250001,32.0,80.00604167499999,40.0,4.148333285714286,35.0,62.64699999999999,38.0,16.9,11.0
2022-07-02,8.163636363636364,11.0,37.058815789473684,38.0,7.731000875,32.0,77.285173625,40.0,4.227619085714285,35.0,50.765,38.0,13.9,11.0
2022-07-03,8.218181818181819,11.0,38.03871052631579,38.0,4.7018003437499996,32.0,73.75053417948718,39.0,4.479779323529412,34.0,54.0,38.0,12.4,11.0
2022-07-04,14.463636363636363,11.0,37.98915789473684,38.0,4.92349409375,32.0,73.10897433333334,39.0,4.017524588235294,34.0,53.235,38.0,30.3,11.0
2022-07-05,18.701298727272725,11.0,35.342921052631574,38.0,7.6269450625,32.0,74.70830492500001,40.0,4.011906085714285,35.0,54.529,38.0,40.8,11.0
2022-07-06,5.89,10.0,28.673894736842104,38.0,8.1088391875,32.0,75.48875000000001,40.0,3.772142771428572,35.0,55.353,38.0,11.4,10.0
2022-07-07,6.3514286,10.0,33.95821052631579,38.0,10.35965178125,32.0,78.0060177,40.0,3.7799829428571434,35.0,51.528999999999996,38.0,10.1,10.0
2022-07-08,7.666666666666667,9.0,39.67271052631579,38.0,10.07269409375,32.0,78.453837725,40.0,3.7188095999999997,35.0,62.529,38.0,11.8,9.0
2022-07-09,8.055555555555555,9.0,43.898526315789475,38.0,9.2069369375,32.0,80.132669975,40.0,3.617261942857143,35.0,70.294,38.0,13.7,9.0
2022-07-10,8.555555555555555,9.0,46.7245,38.0,8.62877046875,32.0,81.74510415,40.0,3.5395238,35.0,77.941,38.0,14.7,9.0
2022-07-11,9.893019454545454,11.0,44.070578947368425,38.0,11.00235465625,32.0,80.48453355000001,40.0,4.023452371428571,35.0,80.58800000000001,38.0,15.6,11.0
2022-07-12,8.872727272727273,11.0,42.78202631578947,38.0,10.13069628125,32.0,78.451041675,40.0,3.896122514285714,35.0,74.059,38.0,15.5,11.0
2022-07-13,8.145454545454545,11.0,45.560394736842106,38.0,10.97698715625,32.0,79.386979125,40.0,3.8272619142857147,35.0,80.0,38.0,11.6,11.0
2022-07-14,8.181818181818182,11.0,42.66255263157895,38.0,11.00965803125,32.0,80.091874975,40.0,3.6805950857142857,35.0,80.64699999999999,38.0,14.6,11.0
2022-07-15,9.645454545454545,11.0,48.63571052631579,38.0,12.3227144375,32.0,82.996175525,40.0,3.520119,35.0,71.588,38.0,14.0,11.0
2022-07-16,11.654545454545454,11.0,52.37571052631579,38.0,10.425685875,32.0,84.380208275,40.0,3.6333333142857143,35.0,74.765,38.0,17.2,11.0
2022-07-17,10.481818181818182,11.0,46.97842105263158,38.0,8.31570196875,32.0,83.82927087499999,40.0,3.8994047714285713,35.0,73.47099999999999,38.0,14.6,11.0
2022-07-18,8.618181818181817,11.0,42.200947368421055,38.0,10.56933640625,32.0,83.96572915,40.0,3.8638094857142855,35.0,63.529,38.0,13.7,11.0
2022-07-19,8.854545454545455,11.0,43.89931578947368,38.0,12.886306161290323,31.0,84.7013541,40.0,3.7170444857142853,35.0,63.824000000000005,38.0,11.9,11.0
2022-07-20,9.316477272727273,11.0,41.90157894736842,38.0,12.42861093548387,31.0,83.710416675,40.0,3.6525432285714285,35.0,75.70599999999999,38.0,14.2,11.0
2022-07-21,8.754545454545454,11.0,45.94060526315789,38.0,12.498192612903225,31.0,82.813749975,40.0,3.751309514285714,35.0,72.941,38.0,13.4,11.0
2022-07-22,10.160606090909091,11.0,52.112842105263155,38.0,10.401789032258066,31.0,81.72770835,40.0,3.710714314285714,35.0,88.059,38.0,18.666667,11.0
2022-07-23,11.716666636363636,11.0,47.38863157894737,38.0,7.263674580645161,31.0,79.51979175,40.0,3.6939285999999996,35.0,90.765,38.0,17.1,11.0
2022-07-24,12.47,10.0,46.39013157894737,38.0,6.213931806451614,31.0,79.2413542,40.0,4.030595257142857,35.0,83.412,38.0,20.3,10.0
2022-07-25,10.363636363636363,11.0,45.51563157894737,38.0,9.33451370967742,31.0,78.5758027,40.0,3.628858485714286,35.0,74.0,38.0,18.4,11.0
2022-07-26,9.281818181818181,11.0,47.4288947368421,38.0,10.371210906249999,32.0,79.687708375,40.0,3.652142857142857,35.0,68.235,38.0,15.1,11.0
2022-07-27,9.072727272727272,11.0,47.5101052631579,38.0,11.877153625,32.0,79.873437475,40.0,3.3494048857142857,35.0,72.118,38.0,13.9,11.0
2022-07-28,8.554545454545455,11.0,43.63859459459459,37.0,12.6702695625,32.0,80.409882225,40.0,3.320119057142857,35.0,82.412,37.0,12.0,11.0
2022-07-29,8.32987009090909,11.0,41.94521052631578,38.0,10.2218701875,32.0,80.25332237500001,40.0,3.772976257142857,35.0,66.118,38.0,12.8,11.0
2022-07-30,7.24,10.0,39.54208108108108,37.0,8.817017258064517,31.0,80.4402083,40.0,3.4661906285714283,35.0,56.0,37.0,11.8,10.0
2022-07-31,7.06,10.0,39.639108108108104,37.0,6.912827322580646,31.0,81.839062525,40.0,3.2513095142857145,35.0,52.471,37.0,10.0,10.0
2022-08-01,7.7700000000000005,10.0,33.918277777777774,36.0,10.899211064516129,31.0,81.72320312820513,39.0,3.7253342352941177,34.0,57.412,36.0,10.7,10.0
2022-08-02,7.63,10.0,35.94547222222222,36.0,10.506283709677419,31.0,82.02532061538462,39.0,3.8613544117647054,34.0,64.706,36.0,11.5,10.0
2022-08-03,8.452272727272726,11.0,42.57610810810811,37.0,10.7427333125,32.0,82.48811053846154,39.0,3.822093794117647,34.0,77.941,37.0,11.4,11.0
2022-08-04,10.763636363636364,11.0,37.28697297297297,37.0,11.661496,32.0,79.90902123076924,39.0,3.4624626764705884,34.0,66.118,37.0,14.7,11.0
2022-08-05,8.799999999999999,11.0,33.13072972972973,37.0,10.533049,32.0,81.0955127948718,39.0,3.368014794117647,34.0,56.714,37.0,13.5,11.0
2022-08-06,7.109090909090909,11.0,39.785378378378375,37.0,9.23369321875,32.0,83.14049141025642,39.0,3.4484068529411767,34.0,70.0,37.0,11.4,11.0
2022-08-07,9.745454545454546,11.0,41.61975675675676,37.0,9.6704258125,32.0,84.74059830769231,39.0,3.5328431176470585,34.0,54.940999999999995,37.0,21.8,11.0
2022-08-08,10.768984,11.0,42.9217027027027,37.0,12.0187145625,32.0,83.35746471794872,39.0,3.4658088235294118,34.0,66.29400000000001,37.0,21.0,11.0
2022-08-09,11.236363636363636,11.0,39.81383783783784,37.0,12.810272875,32.0,84.8142093846154,39.0,3.4373775,34.0,56.059,37.0,38.4,11.0
2022-08-10,7.909090909090909,11.0,38.526675675675676,37.0,13.09295753125,32.0,84.73573487179488,39.0,3.3623106764705883,34.0,57.882000000000005,37.0,13.4,11.0
2022-08-11,7.445454545454546,11.0,38.866459459459456,37.0,13.718210375,32.0,84.86058230769231,39.0,3.3328956764705886,34.0,68.0,37.0,12.8,11.0
2022-08-12,9.409090909090908,11.0,45.18486486486486,37.0,14.656125875,32.0,84.5434925897436,39.0,3.591911794117647,34.0,70.444,37.0,15.8,11.0
2022-08-13,10.209090909090909,11.0,48.25597222222222,36.0,11.61522303125,32.0,84.3230768974359,39.0,3.1612009117647055,34.0,61.294000000000004,36.0,15.1,11.0
2022-08-14,10.036363636363637,11.0,46.031,36.0,9.344667125,32.0,84.39476507692308,39.0,3.3142156470588238,34.0,62.58800000000001,36.0,15.6,11.0
2022-08-15,12.036363636363637,11.0,47.85508108108108,37.0,14.3686918125,32.0,83.56613248717949,39.0,3.131022411764706,34.0,84.0,37.0,19.2,11.0
2022-08-16,11.054545454545455,11.0,48.77924324324324,37.0,15.39778971875,32.0,84.16380189743589,39.0,3.2248700294117647,34.0,74.882,37.0,16.3,11.0
2022-08-17,9.687013,11.0,46.166666666666664,36.0,14.0113704375,32.0,84.0878895,40.0,3.394607882352941,34.0,77.294,36.0,14.857143,11.0
2022-08-18,8.971590909090908,11.0,44.69791891891892,37.0,13.40684825,32.0,81.859338775,40.0,3.3554367058823527,34.0,77.941,37.0,11.9,11.0
2022-08-19,10.697326181818182,11.0,49.36043243243243,37.0,13.47088425,32.0,81.1990624,40.0,3.447181382352941,34.0,85.176,37.0,14.8,11.0
2022-08-20,10.395454545454545,11.0,44.85054054054054,37.0,6.9089163125,32.0,79.5776042,40.0,4.048897088235294,34.0,84.52900000000001,37.0,16.25,11.0
2022-08-21,9.481818181818182,11.0,41.258,37.0,5.54906028125,32.0,79.086458325,40.0,3.7023284411764705,34.0,64.64699999999999,37.0,15.0,11.0
2022-08-22,11.472727272727273,11.0,44.98894594594594,37.0,10.6717061875,32.0,80.100104225,40.0,3.386642176470588,34.0,73.35300000000001,37.0,26.1,11.0
2022-08-23,10.127272727272727,11.0,48.90994444444445,36.0,13.331765516129032,31.0,81.47336182051282,39.0,3.3873667941176473,34.0,104.294,36.0,15.2,11.0
2022-08-24,10.154545454545454,11.0,39.16827027027027,37.0,10.832545774193548,31.0,81.52141294736843,38.0,3.5390039705882357,34.0,79.41199999999999,37.0,17.7,11.0
2022-08-25,8.299999999999999,11.0,38.05359459459459,37.0,10.67390984375,32.0,82.36956568421053,38.0,3.443493794117647,34.0,58.235,37.0,11.8,11.0
2022-08-26,8.472727272727273,11.0,43.596513513513514,37.0,12.73464875,32.0,82.56825394871795,39.0,3.3872548529411763,34.0,75.412,37.0,12.9,11.0
2022-08-27,6.845995727272728,11.0,38.53163888888889,36.0,8.54653246875,32.0,80.01937482051282,39.0,3.9314950882352937,34.0,60.235,36.0,10.2,11.0
2022-08-28,6.2700000000000005,10.0,34.35627777777778,36.0,5.3586617500000004,32.0,77.68629386842105,38.0,3.645959636363636,33.0,47.940999999999995,36.0,11.0,10.0
2022-08-29,8.416969727272727,11.0,37.55008108108108,37.0,10.9190906875,32.0,79.85373930769231,39.0,3.3740931470588236,34.0,63.35300000000001,37.0,12.8,11.0
2022-08-30,11.027272727272727,11.0,43.158972972972975,37.0,15.838133000000001,32.0,85.0668803076923,39.0,2.9864609117647056,34.0,71.353,37.0,16.6,11.0
2022-08-31,10.709090909090909,11.0,44.793729729729726,37.0,18.9236403125,32.0,89.49890352631579,38.0,3.090281294117647,34.0,68.294,37.0,17.1,11.0
2022-09-01,13.336363636363636,11.0,49.54305405405405,37.0,17.133198375,32.0,88.9366227631579,38.0,3.207828333333333,33.0,81.588,37.0,18.2,11.0
2022-09-02,12.488636363636363,11.0,46.367,36.0,14.948073625,32.0,88.07028510526315,38.0,3.1395202424242425,33.0,79.235,36.0,17.0,11.0
2022-09-03,11.018181818181818,11.0,47.82677777777778,36.0,12.7726923125,32.0,89.59254378947368,38.0,3.0823232727272725,33.0,61.587999999999994,36.0,15.5,11.0
2022-09-04,9.454545454545455,11.0,43.461081081081076,37.0,9.92977246875,32.0,89.70224,38.0,3.036742393939394,33.0,56.235,37.0,12.9,11.0
2022-09-05,8.509090909090908,11.0,44.23262162162162,37.0,10.03869596875,32.0,89.60756578947368,38.0,2.983712181818182,33.0,55.765,37.0,13.9,11.0
2022-09-06,11.945454545454545,11.0,44.85030555555556,36.0,14.2396558125,32.0,88.63596497368421,38.0,3.3102876666666665,33.0,65.41199999999999,36.0,23.2,11.0
2022-09-07,14.8,11.0,42.43291891891892,37.0,16.6757795625,32.0,88.19257726315789,38.0,3.142148787878788,33.0,65.05900000000001,37.0,31.6,11.0
2022-09-08,12.409090909090908,11.0,39.34437837837838,37.0,16.6573265625,32.0,86.7976940263158,38.0,2.9341414545454545,33.0,54.471,37.0,24.7,11.0
2022-09-09,7.127272727272728,11.0,20.348243243243243,37.0,11.595580343750001,32.0,81.03442981578947,38.0,4.036423969696969,33.0,28.882,37.0,12.8,11.0
2022-09-10,6.263636363636365,11.0,20.941243243243242,37.0,8.13047446875,32.0,74.95800442105264,38.0,2.819570727272727,33.0,28.235,37.0,11.0,11.0
2022-09-11,5.08,10.0,26.302,37.0,6.22365671875,32.0,77.87149118421053,38.0,2.8516413939393943,33.0,36.294,37.0,7.2,10.0
2022-09-12,5.318181818181818,11.0,28.35581081081081,37.0,8.7881325,32.0,76.70296060526316,38.0,2.797348515151515,33.0,46.059000000000005,37.0,7.3,11.0
2022-09-13,8.372727272727273,11.0,30.607405405405405,37.0,9.590255375,32.0,75.76827155263159,38.0,3.454798121212121,33.0,46.765,37.0,13.0,11.0
2022-09-14,7.472727272727273,11.0,32.80144444444445,36.0,8.78954671875,32.0,73.66592636842105,38.0,3.6453535151515153,33.0,45.882,36.0,11.1,11.0
2022-09-15,7.7727272727272725,11.0,36.303805555555556,36.0,9.61713515625,32.0,72.41942221052632,38.0,3.3820488484848488,33.0,54.176,36.0,11.2,11.0
2022-09-16,9.790909090909091,11.0,40.19594444444445,36.0,11.5191920625,32.0,72.65044805263157,38.0,3.158404696969697,33.0,56.588,36.0,14.8,11.0
2022-09-17,10.89090909090909,11.0,43.12577777777778,36.0,8.3414191875,32.0,71.20635965789474,38.0,3.4460858181818184,33.0,57.412,36.0,14.9,11.0
2022-09-18,8.318181818181818,11.0,34.37744444444444,36.0,4.67112775,32.0,70.46019739473684,38.0,3.744191909090909,33.0,49.882000000000005,36.0,10.5,11.0
2022-09-19,5.972727272727273,11.0,30.879277777777776,36.0,9.26308096875,32.0,70.84738884210526,38.0,3.234469727272727,33.0,50.235,36.0,8.3,11.0
2022-09-20,4.081818181818182,11.0,27.187027777777775,36.0,8.98796096875,32.0,72.30076757894737,38.0,3.364772696969697,33.0,41.824,36.0,6.5,11.0
2022-09-21,4.390909090909091,11.0,29.542861111111108,36.0,9.95522096875,32.0,71.76156694871794,39.0,3.324033787878788,33.0,50.294,36.0,6.4,11.0
2022-09-22,6.7250000000000005,12.0,33.675135135135136,37.0,16.235846375,32.0,73.8058874102564,39.0,2.5155360606060606,33.0,48.705999999999996,37.0,10.3,12.0
2022-09-23,8.841666666666667,12.0,36.38986486486486,37.0,18.13123346875,32.0,78.00479802564102,39.0,2.90000003030303,33.0,46.294000000000004,37.0,14.4,12.0
2022-09-24,7.963636363636363,11.0,40.52286111111111,36.0,13.504184125,32.0,80.72008546153846,39.0,2.905303121212121,33.0,54.118,36.0,12.4,11.0
2022-09-25,8.154545454545454,11.0,38.42581081081081,37.0,11.8449898125,32.0,81.46527774358975,39.0,2.901262696969697,33.0,49.824,37.0,13.0,11.0
2022-09-26,8.610695181818182,11.0,36.58567567567568,37.0,17.36739134375,32.0,81.81079056410256,39.0,2.712752484848485,33.0,62.0,37.0,14.0,11.0
2022-09-27,10.359920583333333,12.0,39.36586486486487,37.0,19.110984031250002,32.0,82.31826923076923,39.0,2.7122475454545456,33.0,51.706,37.0,16.9,12.0
2022-09-28,11.416666666666666,12.0,44.70294594594595,37.0,18.425199375,32.0,81.39305553846154,39.0,2.900153696969697,33.0,65.941,37.0,20.5,12.0
2022-09-29,12.166666666666666,12.0,41.674621621621625,37.0,15.37857909375,32.0,78.07083333333333,39.0,2.9924242727272725,33.0,68.0,37.0,24.6,12.0
2022-09-30,10.641666666666667,12.0,39.16544444444444,36.0,10.176744999999999,31.0,74.30339915789473,38.0,3.30520825,32.0,60.176,36.0,20.9,12.0
2022-10-01,8.616666666666665,12.0,40.974799999999995,35.0,6.711494966666667,30.0,71.82981034210526,38.0,3.55437615625,32.0,53.765,35.0,12.8,12.0
2022-10-02,9.875,12.0,40.36441666666666,36.0,6.827041066666666,30.0,72.88311405263157,38.0,3.0049479375,32.0,51.588,36.0,15.6,12.0
2022-10-03,9.491666666666667,12.0,37.081694444444445,36.0,13.8476982,30.0,74.15526315789474,38.0,2.64335940625,32.0,55.176,36.0,14.1,12.0
2022-10-04,10.408333333333333,12.0,39.38772222222222,36.0,16.211648633333333,30.0,75.55354689473684,38.0,2.6445595,32.0,53.824,36.0,17.5,12.0
2022-10-05,11.975,12.0,43.0665,36.0,14.238867233333334,30.0,75.06968915789474,38.0,2.84518228125,32.0,57.528999999999996,36.0,20.5,12.0
2022-10-06,18.73333333333333,12.0,41.94691666666667,36.0,12.4133831,30.0,73.89518018421052,38.0,2.85898428125,32.0,49.528999999999996,36.0,43.8,12.0
2022-10-07,19.55,12.0,41.732638888888886,36.0,14.164267533333334,30.0,74.34219105263158,38.0,2.8082030625,32.0,50.059,36.0,40.6,12.0
2022-10-08,13.641666666666666,12.0,45.01311111111111,36.0,13.181478366666665,30.0,74.5576755,38.0,2.70130209375,32.0,58.118,36.0,25.6,12.0
2022-10-09,11.141666666666667,12.0,40.24183333333333,36.0,9.9591063,30.0,73.30307015789474,38.0,2.723046875,32.0,52.176,36.0,17.8,12.0
2022-10-10,10.326923083333334,12.0,40.7115,36.0,11.612655466666666,30.0,71.66600876315789,38.0,2.82853571875,32.0,52.706,36.0,17.4,12.0
2022-10-11,10.907777750000001,12.0,36.90358333333333,36.0,10.434353366666667,30.0,70.84868421052632,38.0,2.832135375,32.0,46.940999999999995,36.0,17.3,12.0
2022-10-12,11.683333333333332,12.0,36.817166666666665,36.0,11.9174685,30.0,70.82445318421053,38.0,2.87657478125,32.0,49.588,36.0,20.3,12.0
2022-10-13,14.5134615,12.0,39.27652777777777,36.0,13.416119833333333,30.0,70.50632834210526,38.0,2.7679331874999997,32.0,52.765,36.0,29.6,12.0
2022-10-14,13.441666666666668,12.0,38.200722222222225,36.0,11.379103733333332,30.0,69.75723681578948,38.0,3.24791675,32.0,50.412,36.0,28.3,12.0
2022-10-15,6.391666666666667,12.0,29.697138888888887,36.0,7.710858833333333,30.0,66.02414168421052,38.0,3.0974239687500003,32.0,42.588,36.0,10.5,12.0
2022-10-16,7.7749999999999995,12.0,25.888805555555553,36.0,9.2015399,30.0,65.9049342631579,38.0,2.22330728125,32.0,40.235,36.0,12.6,12.0
2022-10-17,9.570238083333335,12.0,28.653722222222225,36.0,16.95740856666667,30.0,68.97335534210526,38.0,2.39869790625,32.0,40.118,36.0,19.0,12.0
2022-10-18,8.265277750000001,12.0,31.36188888888889,36.0,20.5879238,30.0,73.42007536842105,38.0,2.5709871875,32.0,42.941,36.0,17.4,12.0
2022-10-19,7.058333333333334,12.0,29.38658333333333,36.0,21.0407214,30.0,75.62568771052631,38.0,2.57836796875,32.0,48.059,36.0,14.2,12.0
2022-10-20,6.5,12.0,34.56911111111111,36.0,20.449729633333334,30.0,74.10833334210525,38.0,2.54674478125,32.0,47.412000000000006,36.0,11.4,12.0
2022-10-21,8.566666666666666,12.0,45.11536111111111,36.0,14.163353766666667,30.0,70.3404605263158,38.0,2.88763021875,32.0,61.587999999999994,36.0,14.3,12.0
2022-10-22,9.716666666666667,12.0,36.85422222222222,36.0,4.973431366666667,30.0,65.100976,38.0,4.75969203125,32.0,43.0,36.0,17.8,12.0
2022-10-23,6.216666666666666,12.0,32.39544444444444,36.0,6.1793092000000005,30.0,61.41605568421053,38.0,3.4596354375,32.0,43.765,36.0,8.2,12.0
2022-10-24,4.9,11.0,26.261388888888888,36.0,13.040779066666666,30.0,61.27225878947369,38.0,4.03203125,32.0,39.765,36.0,8.3,11.0
2022-10-25,6.372727272727272,11.0,29.664805555555557,36.0,20.116215399999998,30.0,61.93483707894736,38.0,2.45944940625,32.0,47.588,36.0,8.7,11.0
2022-10-26,8.155952416666667,12.0,34.994305555555556,36.0,16.340757933333332,30.0,61.826865815789475,38.0,2.61375675,32.0,51.588,36.0,12.9,12.0
2022-10-27,10.624074083333333,12.0,30.373055555555556,36.0,16.888714,29.0,62.166995578947365,38.0,2.4730469375,32.0,47.705999999999996,36.0,16.2,12.0
2022-10-28,11.127272727272727,11.0,28.709277777777775,36.0,20.709974666666668,30.0,62.08193918421052,38.0,2.25664053125,32.0,43.647,36.0,18.5,11.0
2022-10-29,11.64,10.0,32.02777777777778,36.0,19.751751233333334,30.0,62.90844302631579,38.0,2.3158853437499998,32.0,47.705999999999996,36.0,17.4,10.0
2022-10-30,10.4,10.0,32.094722222222224,36.0,18.435966233333332,30.0,65.21864028947368,38.0,2.53697921875,32.0,49.235,36.0,15.5,10.0
2022-10-31,9.7,10.0,30.975416666666668,36.0,23.347318766666667,30.0,65.57050439473683,38.0,2.29518221875,32.0,50.588,36.0,16.3,10.0
2022-11-01,9.340909083333333,12.0,40.228750000000005,36.0,12.525066366666666,30.0,63.34605268421052,38.0,3.8347033437499998,32.0,50.588,36.0,14.1,12.0
2022-11-02,4.158333333333333,12.0,31.499611111111115,36.0,7.950046033333334,30.0,57.19671055263157,38.0,4.0395596875,32.0,40.353,36.0,8.1,12.0
2022-11-03,3.38472225,12.0,26.124277777777777,36.0,10.4402583,30.0,52.825538289473684,38.0,4.1796875625,32.0,39.059000000000005,36.0,5.6,12.0
2022-11-04,6.585294083333333,12.0,21.477222222222224,36.0,18.651834266666665,30.0,54.36282894736842,38.0,2.3365884375,32.0,35.235,36.0,11.8,12.0
2022-11-05,8.991666666666667,12.0,27.5,36.0,18.237059066666667,30.0,57.927192973684214,38.0,2.48984384375,32.0,44.117999999999995,36.0,15.7,12.0
2022-11-06,8.708333333333334,12.0,35.836555555555556,36.0,12.7149759,30.0,59.145614052631586,38.0,2.60911459375,32.0,46.176,36.0,16.3,12.0
2022-11-07,4.666666666666667,12.0,21.8615,36.0,8.890428733333332,30.0,58.4986127368421,38.0,3.57348275,32.0,33.25,36.0,9.7,12.0
2022-11-08,2.8790909090909094,11.0,30.202222222222222,36.0,7.677714699999999,30.0,55.68421052631579,38.0,5.45520834375,32.0,37.706,36.0,6.9,11.0
2022-11-09,4.1454545454545455,11.0,23.461194444444445,36.0,11.027251866666667,30.0,51.99696315789474,38.0,3.2321615,32.0,36.117999999999995,36.0,13.2,11.0
2022-11-10,6.583333333333333,12.0,22.05338888888889,36.0,17.078115933333333,30.0,52.51144634210526,38.0,2.60934096875,32.0,37.528999999999996,36.0,15.7,12.0
2022-11-11,7.527272727272728,11.0,21.751555555555555,36.0,17.828404586206897,29.0,53.79506578947369,38.0,2.9359374375,32.0,36.117999999999995,36.0,19.1,11.0
2022-11-12,9.558333333333334,12.0,26.911722222222224,36.0,17.253966724137932,29.0,52.76293857894736,38.0,2.44856775,32.0,45.352999999999994,36.0,20.9,12.0
2022-11-13,9.741666666666667,12.0,26.290888888888887,36.0,12.843396965517242,29.0,52.589693,38.0,2.94817703125,32.0,39.059000000000005,36.0,17.1,12.0
2022-11-14,8.25,12.0,21.15030555555556,36.0,20.46463248275862,29.0,53.4593535,38.0,2.17382815625,32.0,38.412,36.0,12.5,12.0
2022-11-15,6.766666666666667,12.0,29.014555555555553,36.0,17.638340413793102,29.0,55.04965721052631,38.0,4.07866278125,32.0,40.940999999999995,36.0,14.2,12.0
2022-11-16,4.7250000000000005,12.0,27.915527777777775,36.0,13.919214586206897,29.0,58.01918863157894,38.0,6.6528645625,32.0,43.294,36.0,11.0,12.0
2022-11-17,5.766666666666667,12.0,19.902,34.0,23.0096997,30.0,56.335755578947364,38.0,2.9601325625,32.0,40.353,34.0,10.1,12.0
2022-11-18,8.291666666666666,12.0,27.030805555555556,36.0,21.946515766666668,30.0,55.015350947368425,38.0,2.734244875,32.0,41.235,36.0,14.3,12.0
2022-11-19,6.591666666666666,12.0,31.946722222222224,36.0,11.108375599999999,30.0,57.036074578947364,38.0,5.4790364375,32.0,44.412,36.0,17.1,12.0
2022-11-20,7.641666666666667,12.0,26.795685714285714,35.0,16.213405833333333,30.0,56.25741331578948,38.0,3.11623646875,32.0,43.471000000000004,35.0,20.5,12.0
2022-11-21,7.825,12.0,21.136705882352942,34.0,25.16447803448276,29.0,54.97434213157894,38.0,2.319438125,32.0,42.294,34.0,17.2,12.0
2022-11-22,9.308333333333334,12.0,20.34329411764706,34.0,26.782822448275862,29.0,54.41041663157895,38.0,2.178361125,32.0,42.824,34.0,15.7,12.0
2022-11-23,11.725,12.0,22.11362857142857,35.0,28.594504103448276,29.0,55.43412167567567,37.0,2.3112903548387096,31.0,41.588,35.0,18.8,12.0
2022-11-24,6.766666666666667,12.0,32.025285714285715,35.0,12.679917999999999,30.0,60.593693648648646,37.0,6.0528226451612905,31.0,43.0,35.0,19.5,12.0
2022-11-25,6.989705916666666,12.0,23.04702857142857,35.0,17.449873200000003,30.0,57.312837783783785,37.0,2.7642472903225808,31.0,41.059,35.0,15.4,12.0
2022-11-26,10.027272727272727,11.0,25.51922857142857,35.0,19.714239133333333,30.0,55.083671135135134,37.0,2.090994612903226,31.0,43.588,35.0,21.0,11.0
2022-11-27,11.154545454545454,11.0,30.749714285714287,35.0,17.9627174,30.0,55.60731986486487,37.0,2.1448924838709678,31.0,48.705999999999996,35.0,19.3,11.0
2022-11-28,10.763636363636364,11.0,36.1748,35.0,12.8130676,30.0,54.61632883783784,37.0,3.2163626451612903,31.0,43.824000000000005,35.0,20.1,11.0
2022-11-29,9.70722225,12.0,23.333,35.0,14.258631833333334,30.0,53.828452999999996,38.0,2.12257771875,32.0,43.0,35.0,21.6,12.0
2022-11-30,9.700000000000001,12.0,30.061444444444444,36.0,15.2147458,30.0,51.4908492631579,38.0,2.45081171875,32.0,47.923,36.0,14.9,12.0
2022-12-01,5.675,12.0,31.25636111111111,36.0,11.166136,30.0,52.099001578947366,38.0,3.16865403125,32.0,40.412,36.0,14.2,12.0
2022-12-02,5.416666666666667,12.0,17.264111111111113,36.0,13.396650833333332,30.0,53.565679789473684,38.0,2.236015625,32.0,37.352999999999994,36.0,12.7,12.0
2022-12-03,8.725,12.0,20.601277777777778,36.0,14.556503,29.0,56.62960528947369,38.0,1.98268225,32.0,40.235,36.0,15.1,12.0
2022-12-04,8.0,12.0,20.560416666666665,36.0,12.211687931034483,29.0,55.65789478947368,38.0,1.92382809375,32.0,35.882,36.0,15.8,12.0
2022-12-05,5.366666666666667,12.0,24.800694444444446,36.0,12.137004866666667,30.0,53.664912236842106,38.0,2.6947916875,32.0,38.587999999999994,36.0,12.7,12.0
2022-12-06,5.683333333333334,12.0,20.310694444444444,36.0,15.7657345,30.0,51.11690205263158,38.0,2.40358290625,32.0,36.176,36.0,8.9,12.0
2022-12-07,7.841666666666666,12.0,20.53008823529412,34.0,16.370042966666666,30.0,49.59835523684211,38.0,2.46744790625,32.0,37.588,34.0,11.9,12.0
2022-12-08,9.15,12.0,19.910714285714285,35.0,19.462970233333333,30.0,48.089819657894736,38.0,2.1653088125,32.0,41.235,35.0,13.2,12.0
2022-12-09,11.066666666666668,12.0,18.779411764705884,34.0,21.443982966666667,30.0,48.86699565789473,38.0,1.9869790625,32.0,42.647,34.0,15.7,12.0
2022-12-10,9.933333333333334,12.0,30.896735294117647,34.0,15.199907448275862,29.0,50.722488026315794,38.0,2.91367184375,32.0,43.353,34.0,15.9,12.0
2022-12-11,5.2,12.0,27.378848484848486,33.0,6.589186655172414,29.0,49.92586152631579,38.0,4.85104165625,32.0,38.471,33.0,13.0,12.0
2022-12-12,5.158333333333333,12.0,19.66021875,32.0,14.355497275862069,29.0,43.784363078947365,38.0,2.23476559375,32.0,33.294,32.0,9.5,12.0
2022-12-13,8.166666666666666,12.0,16.88315625,32.0,17.40437351724138,29.0,45.192029026315794,38.0,1.965874125,32.0,32.765,32.0,13.1,12.0
2022-12-14,10.525,12.0,14.868558823529412,34.0,21.393120793103446,29.0,46.059115210526315,38.0,1.865104125,32.0,35.647,34.0,16.2,12.0
2022-12-15,12.06875,12.0,14.654285714285713,35.0,24.287863862068964,29.0,48.463048236842106,38.0,2.000651,32.0,36.528999999999996,35.0,18.525,12.0
2022-12-16,8.018181818181818,11.0,22.138617647058823,34.0,19.494684482758622,29.0,50.58673242105263,38.0,3.12747396875,32.0,39.529,34.0,16.8,11.0
2022-12-17,10.227272727272727,11.0,17.96544117647059,34.0,20.70384310714286,28.0,47.64188594736842,38.0,2.4639323125,32.0,38.705999999999996,34.0,18.6,11.0
2022-12-18,13.945454545454545,11.0,19.489676470588236,34.0,20.209905499999998,28.0,47.911842052631584,38.0,2.0679688125,32.0,39.940999999999995,34.0,22.7,11.0
2022-12-19,16.73682990909091,11.0,17.939375,32.0,26.06363632142857,28.0,47.537309131578944,38.0,1.91148203125,32.0,39.588,32.0,25.3,11.0
2022-12-20,14.37,10.0,17.79453125,32.0,26.986830785714286,28.0,50.335472945945945,37.0,1.92000471875,32.0,39.529,32.0,23.2,10.0
2022-12-21,12.880991727272727,11.0,15.347558823529411,34.0,26.51382967857143,28.0,53.76880635135135,37.0,2.2351561875,32.0,37.059000000000005,34.0,20.0,11.0
2022-12-22,13.213369,11.0,13.05844117647059,34.0,27.151582249999997,28.0,53.74887389189189,37.0,1.76289065625,32.0,35.941,34.0,19.4,11.0
2022-12-23,18.420279727272728,11.0,15.07370588235294,34.0,27.00311082142857,28.0,54.05078832432432,37.0,1.86328128125,32.0,36.765,34.0,28.9,11.0
2022-12-24,16.371328636363636,11.0,22.16930303030303,33.0,20.22294014285714,28.0,58.178491,37.0,2.37070315625,32.0,38.882,33.0,28.2,11.0
2022-12-25,15.8,10.0,22.0225,34.0,16.352510357142858,28.0,61.465653108108114,37.0,2.26627609375,32.0,38.765,34.0,31.3,10.0
2022-12-26,11.64,10.0,16.124499999999998,34.0,21.8991395,28.0,60.472972972972975,37.0,1.7919270625,32.0,38.529,34.0,18.6,10.0
2022-12-27,9.846853181818183,11.0,22.558205882352944,34.0,21.193198785714287,28.0,56.606531567567565,37.0,2.47726446875,32.0,37.824000000000005,34.0,14.9,11.0
2022-12-28,7.51,10.0,24.946823529411766,34.0,12.445464535714285,28.0,54.939414324324325,37.0,2.3179688125,32.0,40.176,34.0,13.2,10.0
2022-12-29,6.65,10.0,24.668878787878786,33.0,12.57520875,28.0,53.76914427027027,37.0,2.32252609375,32.0,36.528999999999996,33.0,9.3,10.0
2022-12-30,4.85,10.0,21.2408125,32.0,11.482642285714286,28.0,54.16914416216216,37.0,2.148177,32.0,29.823999999999998,32.0,9.7,10.0
2022-12-31,3.0999999999999996,9.0,18.9000625,32.0,5.792488357142857,28.0,54.34943697297297,37.0,3.920703125,32.0,24.833000000000002,32.0,6.7,9.0
2023-01-01,4.327272727272727,11.0,27.253151515151515,33.0,4.8052600000000005,29.0,51.64930389189189,37.0,4.31535278125,32.0,36.706,33.0,7.8,11.0
2023-01-02,6.709090909090909,11.0,26.89121212121212,33.0,10.797063931034483,29.0,48.238254027027025,37.0,2.5043647187499998,32.0,39.294000000000004,33.0,10.4,11.0
2023-01-03,2.4363636363636365,11.0,24.939181818181815,33.0,8.647165689655173,29.0,51.41755921621622,37.0,3.528316625,32.0,40.0,33.0,5.2,11.0
2023-01-04,3.8899999999999997,10.0,28.240333333333336,33.0,9.387400896551723,29.0,55.189693459459455,37.0,3.4276041875,32.0,37.176,33.0,7.8,10.0
2023-01-05,3.6545454545454548,11.0,28.407794117647057,34.0,8.56882179310345,29.0,53.227927891891895,37.0,4.296625875,32.0,41.647000000000006,34.0,7.3,11.0
2023-01-06,7.7272727272727275,11.0,20.340823529411765,34.0,16.522501172413794,29.0,50.69684683783784,37.0,2.1661458749999998,32.0,39.588,34.0,14.7,11.0
2023-01-07,10.30909090909091,11.0,18.825176470588236,34.0,18.511219448275863,29.0,51.924549459459456,37.0,1.98398421875,32.0,41.0,34.0,19.3,11.0
2023-01-08,9.936363636363636,11.0,24.618617647058823,34.0,15.823875689655173,29.0,54.2186937027027,37.0,2.03893228125,32.0,41.529,34.0,21.5,11.0
2023-01-09,6.672727272727273,11.0,27.360121212121214,33.0,11.675887551724138,29.0,53.98889878378378,37.0,4.0554686875,32.0,38.353,33.0,21.0,11.0
2023-01-10,4.6454545454545455,11.0,28.111205882352944,34.0,9.188502344827587,29.0,53.59560808108108,37.0,4.69763359375,32.0,40.765,34.0,17.9,11.0
2023-01-11,8.0,11.0,19.145685714285715,35.0,17.470749206896553,29.0,50.37792305405405,37.0,1.9989583125,32.0,38.0,35.0,13.4,11.0
2023-01-12,6.663636363636363,11.0,17.255142857142857,35.0,19.187073586206896,29.0,53.81340094594595,37.0,2.6368489999999998,32.0,39.176,35.0,13.5,11.0
2023-01-13,8.354545454545455,11.0,15.717800000000002,35.0,22.653885517241378,29.0,53.337744756756756,37.0,2.0972656874999998,32.0,42.765,35.0,13.2,11.0
2023-01-14,7.654545454545455,11.0,25.636971428571428,35.0,16.774668896551724,29.0,50.66677927027027,37.0,2.7253906875,32.0,38.941,35.0,15.4,11.0
2023-01-15,3.9181818181818184,11.0,35.86391428571429,35.0,5.955572172413793,29.0,51.18795043243243,37.0,3.58072921875,32.0,44.0,35.0,7.0,11.0
2023-01-16,2.1999999999999997,11.0,33.478942857142854,35.0,5.980946482758621,29.0,50.96217243243243,37.0,5.3549005,32.0,41.059,35.0,7.7,11.0
2023-01-17,3.5,11.0,23.649885714285713,35.0,13.079794862068965,29.0,47.74920683783784,37.0,2.94403871875,32.0,35.769000000000005,35.0,5.6,11.0
2023-01-18,7.045454545454546,11.0,18.456424242424244,33.0,18.09180779310345,29.0,46.844477135135136,37.0,2.098672,32.0,38.118,33.0,12.8,11.0
2023-01-19,7.508080818181818,11.0,25.73969696969697,33.0,15.933805172413793,29.0,46.737082,37.0,2.700515125,32.0,38.941,33.0,11.9,11.0
2023-01-20,6.265909090909091,11.0,24.63635294117647,34.0,15.040575571428572,28.0,48.15191440540541,37.0,3.2277344062499997,32.0,39.647,34.0,11.525,11.0
2023-01-21,9.3,10.0,22.515529411764707,34.0,17.41151842857143,28.0,48.21959454054054,37.0,2.45065109375,32.0,40.118,34.0,16.0,10.0
2023-01-22,9.540000000000001,10.0,34.04494117647059,34.0,13.45121,28.0,48.05957205405405,37.0,3.4320311875000002,32.0,42.588,34.0,15.5,10.0
2023-01-23,4.959740272727273,11.0,27.49144117647059,34.0,11.588977,28.0,49.72821186486487,37.0,5.87890621875,32.0,39.824,34.0,15.0,11.0
2023-01-24,6.009090909090909,11.0,22.053470588235292,34.0,21.26318375,28.0,51.20099745945946,37.0,2.9323312812499998,32.0,40.529,34.0,9.5,11.0
2023-01-25,6.136363636363637,11.0,30.397942857142855,35.0,19.817313035714285,28.0,53.34505527027027,37.0,4.1314158125,32.0,43.231,35.0,13.7,11.0
2023-01-26,6.4,10.0,26.625257142857144,35.0,12.675067035714287,28.0,55.66919754054054,37.0,6.60237571875,32.0,40.059,35.0,25.1,10.0
2023-01-27,6.581818181818182,11.0,21.369142857142855,35.0,22.70968568965517,29.0,52.28772516216216,37.0,2.10899615625,32.0,40.765,35.0,10.7,11.0
2023-01-28,9.445454545454545,11.0,34.1278,35.0,14.242634931034482,29.0,50.851463945945945,37.0,2.587890625,32.0,45.0,35.0,15.6,11.0
2023-01-29,4.790909090909091,11.0,34.94954285714285,35.0,6.230547137931034,29.0,49.45270267567568,37.0,3.49817703125,32.0,43.294,35.0,7.9,11.0
2023-01-30,2.372727272727273,11.0,28.39991428571429,35.0,10.251080689655172,29.0,48.41790532432432,37.0,3.41263025,32.0,39.294000000000004,35.0,5.4,11.0
2023-01-31,5.1454545454545455,11.0,30.967200000000002,35.0,11.65143427586207,29.0,49.9580132972973,37.0,5.49233140625,32.0,42.882000000000005,35.0,13.4,11.0
2023-02-01,5.290909090909091,11.0,23.435057142857143,35.0,20.00232551724138,29.0,51.644144135135136,37.0,3.42665721875,32.0,43.706,35.0,10.8,11.0
2023-02-02,7.318181818181818,11.0,21.198400000000003,35.0,24.232528137931038,29.0,51.91768021621622,37.0,2.0528646249999998,32.0,42.647,35.0,12.9,11.0
2023-02-03,8.2478205,12.0,20.71257142857143,35.0,24.01635124137931,29.0,54.22498402702703,37.0,2.018824375,32.0,42.294,35.0,12.92,12.0
2023-02-04,11.945454545454545,11.0,27.103823529411763,34.0,21.15628779310345,29.0,54.85337835135135,37.0,2.3533855,32.0,48.118,34.0,23.9,11.0
2023-02-05,11.629999999999999,10.0,33.28205882352941,34.0,11.779835103448274,29.0,53.895382864864864,37.0,3.41471346875,32.0,43.117999999999995,34.0,20.3,10.0
2023-02-06,3.9899999999999998,10.0,29.861542857142858,35.0,12.050624655172415,29.0,53.700362324324324,37.0,4.24570309375,32.0,41.941,35.0,7.4,10.0
2023-02-07,3.4909090909090907,11.0,26.129514285714286,35.0,15.348133448275862,29.0,55.9539414054054,37.0,3.89977678125,32.0,40.705999999999996,35.0,11.1,11.0
2023-02-08,6.527272727272727,11.0,23.600257142857142,35.0,22.652535000000004,29.0,56.371967540540545,37.0,2.39330359375,32.0,43.765,35.0,11.6,11.0
2023-02-09,6.709090909090909,11.0,31.960742857142858,35.0,19.034781689655173,29.0,60.069646027027034,37.0,4.0626301875,32.0,45.529,35.0,14.0,11.0
2023-02-10,4.71,10.0,28.08762857142857,35.0,17.938665344827587,29.0,57.870935702702695,37.0,3.19997634375,32.0,47.705999999999996,35.0,8.1,10.0
2023-02-11,6.611764727272727,11.0,34.04277142857143,35.0,12.544546413793103,29.0,52.49260735135135,37.0,3.6191865625,32.0,48.765,35.0,10.9,11.0
2023-02-12,6.57,10.0,34.580303030303035,33.0,10.129460275862069,29.0,49.70625,36.0,3.083871,31.0,45.235,33.0,9.9,10.0
2023-02-13,5.9028409090909095,11.0,37.74625714285714,35.0,10.126661655172413,29.0,52.74470721621621,37.0,3.18157553125,32.0,45.765,35.0,10.3,11.0
2023-02-14,9.090909090909092,11.0,35.0675,34.0,7.853057034482759,29.0,49.55757727027027,37.0,5.06677509375,32.0,41.235,34.0,17.8,11.0
2023-02-15,4.24,10.0,26.09985294117647,34.0,11.468912964285716,28.0,46.22870369444444,36.0,4.188776967741936,31.0,40.294000000000004,34.0,8.2,10.0
2023-02-16,5.361983454545454,11.0,28.004764705882355,34.0,17.202790571428572,28.0,47.42065727777778,36.0,3.5768056,30.0,45.117999999999995,34.0,13.181818,11.0
2023-02-17,5.545454545454546,11.0,29.168558823529413,34.0,18.231618785714286,28.0,49.94259258333333,36.0,3.4852778,30.0,44.528999999999996,34.0,11.8,11.0
2023-02-18,8.39090909090909,11.0,28.11894117647059,34.0,19.309187428571427,28.0,51.14016202777778,36.0,2.401111133333333,30.0,46.353,34.0,14.7,11.0
2023-02-19,10.945454545454545,11.0,33.66782352941176,34.0,16.092494714285714,28.0,52.44386569444444,36.0,2.7111110666666667,30.0,48.235,34.0,19.7,11.0
2023-02-20,10.10909090909091,11.0,30.532939393939394,33.0,20.262092357142855,28.0,56.33298605555555,36.0,2.4909722333333333,30.0,43.647,33.0,16.8,11.0
2023-02-21,10.579166666666667,12.0,40.132333333333335,33.0,14.949631285714286,28.0,54.086069,36.0,5.159444466666667,30.0,46.412,33.0,20.2,12.0
2023-02-22,5.574999999999999,12.0,37.76538235294118,34.0,5.858572107142857,28.0,45.009505805555555,36.0,6.98625,30.0,42.882000000000005,34.0,16.2,12.0
2023-02-23,2.881818181818182,11.0,33.8714,35.0,8.957412689655174,29.0,42.46061288888889,36.0,3.5672869677419357,31.0,42.588,35.0,6.0,11.0
2023-02-24,3.4272727272727277,11.0,36.90522857142857,35.0,6.178265689655172,29.0,46.787962916666665,36.0,6.400134451612903,31.0,42.353,35.0,6.2,11.0
2023-02-25,2.4727272727272727,11.0,37.7226,35.0,4.992909724137932,29.0,43.38379619444444,36.0,4.256317225806451,31.0,46.882,35.0,4.4,11.0
2023-02-26,4.508333333333334,12.0,32.803314285714286,35.0,9.12568720689655,29.0,43.91821431428571,35.0,2.769623548387097,31.0,46.353,35.0,9.1,12.0
2023-02-27,4.95,12.0,30.15594285714286,35.0,13.371051965517243,29.0,45.82119048571428,35.0,3.0700076451612905,31.0,40.765,35.0,12.5,12.0
2023-02-28,3.4181818181818184,11.0,37.91917142857143,35.0,8.692738827586208,29.0,48.687500085714284,35.0,3.968533375,32.0,42.059,35.0,6.2,11.0
2023-03-01,1.9333333333333333,12.0,38.59231428571429,35.0,5.364267206896551,29.0,45.277380914285715,35.0,6.18242190625,32.0,45.705999999999996,35.0,5.2,12.0
2023-03-02,5.241666666666666,12.0,28.08037142857143,35.0,14.263874896551725,29.0,48.98288044444444,36.0,3.2268003125,32.0,42.941,35.0,9.2,12.0
2023-03-03,8.358333333333333,12.0,30.3606,35.0,17.072046,29.0,49.96709655555556,36.0,2.13212421875,32.0,50.294,35.0,14.6,12.0
2023-03-04,9.924999999999999,12.0,39.742828571428575,35.0,11.381996482758622,29.0,49.79178238888889,36.0,3.81562496875,32.0,48.353,35.0,16.4,12.0
2023-03-05,7.05,12.0,39.502542857142856,35.0,7.380153655172413,29.0,49.957060194444445,36.0,3.9148437499999997,32.0,47.471,35.0,11.5,12.0
2023-03-06,3.608333333333333,12.0,36.93277142857143,35.0,9.266829103448275,29.0,50.96041666666667,36.0,3.76614584375,32.0,48.059,35.0,6.0,12.0
2023-03-07,5.375,12.0,34.68611428571428,35.0,12.355923,29.0,50.82436875,36.0,3.08120484375,32.0,52.294,35.0,9.6,12.0
2023-03-08,6.791666666666667,12.0,31.302571428571426,35.0,14.146684620689655,29.0,50.795833305555554,36.0,3.0763020625,32.0,49.528999999999996,35.0,10.7,12.0
2023-03-09,8.708333333333334,12.0,39.61905714285714,35.0,16.130628103448274,29.0,56.34463572222222,36.0,2.8259114375,32.0,51.294,35.0,15.2,12.0
2023-03-10,4.872727272727273,11.0,24.377428571428574,35.0,10.948079517241379,29.0,55.522800888888895,36.0,3.1134115,32.0,33.417,35.0,9.2,11.0
2023-03-11,3.2363636363636363,11.0,21.031088235294117,34.0,6.35866325,28.0,59.566898083333335,36.0,3.5255208125,32.0,38.765,34.0,9.2,11.0
2023-03-12,4.990909090909091,11.0,27.47274285714286,35.0,5.889054785714285,28.0,59.78524797222222,36.0,3.4333519375,32.0,42.412,35.0,6.7,11.0
2023-03-13,7.075,12.0,27.33854285714286,35.0,8.714535241379311,29.0,59.53375005714285,35.0,3.2937499375,32.0,41.647000000000006,35.0,10.9,12.0
2023-03-14,6.175,12.0,23.813285714285715,35.0,9.900751310344827,29.0,56.78071431428571,35.0,3.22685696875,32.0,31.412000000000003,35.0,12.2,12.0
2023-03-15,2.9181818181818184,11.0,26.58285294117647,34.0,6.44379851724138,29.0,56.57896758333333,36.0,4.473567625,32.0,34.353,34.0,7.2,11.0
2023-03-16,5.3999999999999995,12.0,27.243117647058824,34.0,9.526119111111111,27.0,54.55057751428571,35.0,2.8869945,32.0,39.353,34.0,10.1,12.0
2023-03-17,10.183333333333334,12.0,32.3075,34.0,15.515047037037037,27.0,56.33472785714286,35.0,2.35628725,32.0,49.412,34.0,17.6,12.0
2023-03-18,6.91875,12.0,37.848454545454544,33.0,13.649087481481482,27.0,60.25285708571429,35.0,2.870703125,32.0,50.294,33.0,11.7,12.0
2023-03-19,6.527272727272727,11.0,37.429545454545455,33.0,9.367606037037037,27.0,56.57512255882353,34.0,2.9134408387096773,31.0,44.588,33.0,11.5,11.0
2023-03-20,2.9624242727272727,11.0,37.37891176470588,34.0,7.4876208148148145,27.0,55.68934265714286,35.0,4.234493875,32.0,43.824000000000005,34.0,6.3,11.0
2023-03-21,4.15,10.0,44.8164,35.0,5.671497428571429,28.0,50.22621525,36.0,5.4704426875,32.0,51.412,35.0,11.4,10.0
2023-03-22,2.6727272727272724,11.0,35.29325714285714,35.0,9.159563785714285,28.0,49.00625002777778,36.0,3.6638020625,32.0,47.824,35.0,7.0,11.0
2023-03-23,4.657342636363636,11.0,35.17548571428571,35.0,11.469207785714286,28.0,51.1971065,36.0,3.27239575,32.0,45.059000000000005,35.0,9.4,11.0
2023-03-24,6.0249999999999995,12.0,37.13645714285715,35.0,8.840061517241379,29.0,53.340781,36.0,4.5113825,32.0,48.353,35.0,8.3,12.0
2023-03-25,6.733333333333333,12.0,40.779828571428574,35.0,9.169846206896553,29.0,52.29652783333333,36.0,3.80677084375,32.0,50.176,35.0,9.9,12.0
2023-03-26,7.516666666666667,12.0,39.801742857142855,35.0,8.025587275862069,29.0,52.409722277777774,36.0,3.77669265625,32.0,51.824000000000005,35.0,12.3,12.0
2023-03-27,5.916666666666667,12.0,35.64114285714286,35.0,13.600281137931036,29.0,54.96597225,36.0,3.9587239375,32.0,46.765,35.0,11.0,12.0
2023-03-28,5.6499999999999995,12.0,46.81771428571428,35.0,15.348544827586206,29.0,57.35755913888889,36.0,3.49901415625,32.0,57.647,35.0,9.9,12.0
2023-03-29,4.927272727272728,11.0,41.32051428571429,35.0,7.056859689655172,29.0,51.68206025,36.0,4.6345051875,32.0,46.588,35.0,10.4,11.0
2023-03-30,2.6916666666666664,12.0,33.34025714285715,35.0,9.25666575862069,29.0,48.637258055555556,36.0,3.03398440625,32.0,45.705999999999996,35.0,6.8,12.0
2023-03-31,5.825,12.0,32.923611111111114,36.0,14.171596103448277,29.0,52.890393555555555,36.0,2.4882813125,32.0,50.882,36.0,10.0,12.0
2023-04-01,7.691666666666666,12.0,40.941228571428574,35.0,12.822254321428572,28.0,57.79895827777778,36.0,2.95638015625,32.0,59.471000000000004,35.0,13.7,12.0
2023-04-02,7.058333333333334,12.0,44.86765714285714,35.0,7.6187695,28.0,57.95914347222222,36.0,3.99557296875,32.0,57.545,35.0,13.2,12.0
2023-04-03,7.208333333333333,12.0,41.95094117647059,34.0,4.978015035714286,28.0,53.117592583333334,36.0,6.99049478125,32.0,49.272999999999996,34.0,38.6,12.0
2023-04-04,3.4,11.0,36.1906,35.0,7.374899035714286,28.0,50.78927136111111,36.0,4.8023438125,32.0,45.294000000000004,35.0,5.0,11.0
2023-04-05,5.951041666666666,12.0,36.43662857142857,35.0,14.935442535714285,28.0,53.94686455555555,36.0,2.6431344375,32.0,51.647,35.0,9.5,12.0
2023-04-06,6.072727272727272,11.0,38.68065714285714,35.0,16.336073285714285,28.0,58.39537038888889,36.0,3.249751375,32.0,51.117999999999995,35.0,10.0,11.0
2023-04-07,8.518181818181818,11.0,44.276028571428576,35.0,15.315514142857143,28.0,60.43240738888889,36.0,3.09179684375,32.0,62.0,35.0,12.9,11.0
2023-04-08,8.39090909090909,11.0,35.75285714285714,35.0,9.505898714285715,28.0,61.05894508333333,36.0,3.03095234375,32.0,53.705999999999996,35.0,12.9,11.0
2023-04-09,9.927272727272728,11.0,38.531142857142854,35.0,10.317455999999998,28.0,65.60810180555556,36.0,2.6042968125,32.0,54.059000000000005,35.0,17.3,11.0
2023-04-10,10.763636363636364,11.0,43.40334285714285,35.0,15.235264285714285,28.0,67.9512731111111,36.0,3.07421875,32.0,60.941,35.0,24.5,11.0
2023-04-11,12.308333333333332,12.0,45.88288571428571,35.0,12.955365857142857,28.0,65.74965288888889,36.0,3.35208334375,32.0,68.235,35.0,29.4,12.0
2023-04-12,9.616666666666667,12.0,36.910199999999996,35.0,8.437104464285714,28.0,60.33141833333333,36.0,3.95700753125,32.0,49.175999999999995,35.0,17.5,12.0
2023-04-13,10.183333333333332,12.0,39.43848571428571,35.0,6.761084357142857,28.0,55.629676277777776,36.0,4.9395421875,32.0,49.706,35.0,61.9,12.0
2023-04-14,8.141666666666667,12.0,37.07426470588236,34.0,8.374430392857143,28.0,56.78842597222222,36.0,3.593880125,32.0,54.353,34.0,12.8,12.0
2023-04-15,12.15,12.0,43.746878787878785,33.0,11.152463785714286,28.0,61.254497361111106,36.0,3.06343003125,32.0,60.824000000000005,33.0,16.9,12.0
2023-04-16,11.983333333333334,12.0,48.06242424242424,33.0,9.751138678571428,28.0,61.94189813888889,36.0,3.2156250625,32.0,69.412,33.0,14.6,12.0
2023-04-17,12.7435185,12.0,47.085515151515146,33.0,8.777523285714286,28.0,60.13425927777777,36.0,3.75494796875,32.0,64.05900000000001,33.0,22.1,12.0
2023-04-18,14.354545454545455,11.0,43.03594117647059,34.0,8.045589821428571,28.0,58.831867277777775,36.0,4.77779096875,32.0,57.882000000000005,34.0,61.2,11.0
2023-04-19,10.67,10.0,42.947911764705886,34.0,11.322884928571428,28.0,58.13278772222222,36.0,3.9981179375,32.0,55.705999999999996,34.0,19.7,10.0
2023-04-20,11.035353545454546,11.0,42.92785294117647,34.0,17.609369357142857,28.0,64.59420122222222,36.0,2.9384115,32.0,57.941,34.0,16.5,11.0
2023-04-21,10.47559525,12.0,45.3738,35.0,18.277931714285714,28.0,70.99044886111112,36.0,2.7731770937499998,32.0,61.882,35.0,14.9,12.0
2023-04-22,10.641666666666667,12.0,50.75255882352941,34.0,13.187058857142857,28.0,71.9625,36.0,2.9277343125,32.0,65.05900000000001,34.0,17.2,12.0
2023-04-23,11.075000000000001,12.0,46.69041176470588,34.0,7.689842107142858,28.0,67.95138886111111,36.0,3.82539059375,32.0,62.118,34.0,16.8,12.0
2023-04-24,11.625,12.0,45.006911764705876,34.0,7.800485214285715,28.0,65.59131947222221,36.0,3.816276,32.0,59.059,34.0,17.5,12.0
2023-04-25,11.136458333333332,12.0,41.75502857142857,35.0,8.961820428571428,28.0,65.5839334054054,37.0,3.62140153125,32.0,56.0,35.0,17.7,12.0
2023-04-26,11.428409090909092,11.0,42.302342857142854,35.0,14.487589357142857,28.0,67.96367732432432,37.0,3.11575521875,32.0,59.0,35.0,19.6125,11.0
2023-04-27,11.82,10.0,47.68370588235294,34.0,15.086572642857144,28.0,69.28152129729729,37.0,3.294959125,32.0,70.471,34.0,25.9,10.0
2023-04-28,13.019580454545455,11.0,49.548,34.0,14.304753703703703,27.0,70.00968459459459,37.0,3.33111975,32.0,78.82400000000001,34.0,24.2,11.0
2023-04-29,12.227272727272727,11.0,51.913529411764706,34.0,11.01255237037037,27.0,70.8078828918919,37.0,3.2705729375,32.0,69.0,34.0,22.1,11.0
2023-04-30,10.118181818181817,11.0,49.24055882352941,34.0,7.185876296296296,27.0,67.21638756756757,37.0,3.98791325,32.0,68.765,34.0,17.9,11.0
2023-05-01,6.681818181818182,11.0,39.23529411764706,34.0,6.452220962962963,27.0,59.292454972972976,37.0,5.4,32.0,49.0,34.0,28.6,11.0
2023-05-02,3.54358975,12.0,35.854085714285716,35.0,6.579130785714286,28.0,56.51182437837837,37.0,4.70465121875,32.0,49.118,35.0,6.3,12.0
2023-05-03,3.6750000000000003,12.0,41.44602857142858,35.0,7.754544785714286,28.0,55.79954964864865,37.0,4.2204426250000004,32.0,50.588,35.0,6.0,12.0
2023-05-04,2.51190475,12.0,33.323800000000006,35.0,6.067288464285714,28.0,54.61926489473685,38.0,4.284635375,32.0,40.882000000000005,35.0,4.1,12.0
2023-05-05,3.2545454545454544,11.0,31.265114285714287,35.0,7.367945,28.0,57.01019739473685,38.0,3.78876490625,32.0,42.528999999999996,35.0,6.1,11.0
2023-05-06,4.572727272727272,11.0,35.95965714285714,35.0,7.221842678571428,28.0,58.73618421052631,38.0,3.95794271875,32.0,49.528999999999996,35.0,8.3,11.0
2023-05-07,5.2727272727272725,11.0,34.415057142857144,35.0,6.052174428571428,28.0,60.95778515789474,38.0,3.69791675,32.0,48.529,35.0,7.4,11.0
2023-05-08,7.211363666666667,12.0,37.178200000000004,35.0,8.89253725,28.0,63.23015347368421,38.0,3.894921875,32.0,56.824,35.0,10.3,12.0
2023-05-09,8.316666666666666,12.0,40.38282857142857,35.0,8.056733357142857,28.0,60.69623210526316,38.0,4.61131934375,32.0,54.647,35.0,20.0,12.0
2023-05-10,7.575,12.0,37.21697142857143,35.0,7.075131428571429,28.0,59.80465510526315,38.0,4.3387191875,32.0,57.294,35.0,25.6,12.0
2023-05-11,9.1,12.0,40.650735294117645,34.0,9.086152571428572,28.0,63.0742385,38.0,3.358352,32.0,63.0,34.0,11.9,12.0
2023-05-12,12.416666666666666,12.0,45.50394285714285,35.0,12.542804607142857,28.0,67.3725877631579,38.0,3.14335934375,32.0,66.357,35.0,16.6,12.0
2023-05-13,12.558333333333332,12.0,50.646457142857145,35.0,9.811398892857143,28.0,71.04999994736842,38.0,3.90546875,32.0,66.41199999999999,35.0,20.6,12.0
2023-05-14,11.25,12.0,48.766400000000004,35.0,6.315857892857143,28.0,71.26696351351352,37.0,3.35976559375,32.0,60.412,35.0,18.9,12.0
2023-05-15,12.641666666666666,12.0,45.66897142857143,35.0,11.067380678571428,28.0,71.14146997142858,35.0,3.272043,31.0,62.765,35.0,22.4,12.0
2023-05-16,12.841666666666667,12.0,47.484,35.0,13.034342607142857,28.0,72.27935252777777,36.0,3.3555555625,32.0,77.58800000000001,35.0,22.1,12.0
2023-05-17,11.674999999999999,12.0,47.85228571428571,35.0,12.776634535714285,28.0,72.12272445945946,37.0,3.34023434375,32.0,70.176,35.0,17.3,12.0
2023-05-18,11.208333333333334,12.0,45.72568571428572,35.0,11.25437682142857,28.0,70.85472970270271,37.0,3.6418025625,32.0,69.706,35.0,16.8,12.0
2023-05-19,12.408333333333333,12.0,45.386399999999995,35.0,9.619229392857141,28.0,69.38373264864865,37.0,3.54259,32.0,65.706,35.0,18.3,12.0
2023-05-20,12.591666666666667,12.0,47.4916,35.0,7.540800892857143,28.0,71.51621621621621,37.0,3.68255209375,32.0,59.5,35.0,20.1,12.0
2023-05-21,9.354629666666666,12.0,46.09077142857143,35.0,7.002215571428572,28.0,71.28750005405405,37.0,3.3791666875,32.0,60.941,35.0,17.2,12.0
2023-05-22,9.491666666666667,12.0,44.342885714285714,35.0,9.550032428571429,28.0,70.55745194594594,37.0,3.54808409375,32.0,69.059,35.0,16.5,12.0
2023-05-23,6.691666666666666,12.0,39.21642857142857,35.0,8.930388714285714,28.0,67.50389278378378,37.0,4.112525375,32.0,62.428999999999995,35.0,13.1,12.0
2023-05-24,6.033333333333334,12.0,42.33774285714286,35.0,7.085490357142858,28.0,65.38829851351352,37.0,4.40845175,32.0,55.412000000000006,35.0,10.6,12.0
2023-05-25,5.808333333333334,12.0,42.749599999999994,35.0,6.672898357142857,28.0,63.501013459459465,37.0,4.6613280625,32.0,57.118,35.0,10.5,12.0
2023-05-26,7.858333333333333,12.0,40.2988,35.0,8.014751428571428,28.0,62.53027672972973,37.0,4.492633875,32.0,59.176,35.0,17.5,12.0
2023-05-27,8.683333333333334,12.0,45.22354285714286,35.0,6.914618678571429,28.0,66.00529278378379,37.0,3.9451823125,32.0,61.824,35.0,13.7,12.0
2023-05-28,9.375,12.0,42.885714285714286,35.0,5.994714071428571,28.0,65.66846851351352,37.0,3.61015634375,32.0,63.940999999999995,35.0,14.4,12.0
2023-05-29,6.8500000000000005,12.0,41.59494285714286,35.0,4.974081249999999,28.0,65.1070945945946,37.0,4.3380208125,32.0,59.824000000000005,35.0,12.1,12.0
2023-05-30,8.141666666666667,12.0,37.069514285714284,35.0,6.9664937857142855,28.0,63.31098489189189,37.0,4.74700515625,32.0,49.353,35.0,32.5,12.0
2023-05-31,5.75,12.0,31.90285714285714,35.0,6.959599037037037,27.0,61.69209662162162,37.0,4.41953125,32.0,49.941,35.0,20.0,12.0
2023-06-01,6.258333333333333,12.0,34.1616,35.0,8.575626392857142,28.0,63.91700456756757,37.0,3.61953115625,32.0,54.647,35.0,9.4,12.0
2023-06-02,9.291666666666666,12.0,41.02017142857142,35.0,8.771575964285715,28.0,67.36023302702702,37.0,3.69101565625,32.0,57.824,35.0,12.1,12.0
2023-06-03,11.091666666666667,12.0,50.78991428571428,35.0,8.924160107142857,28.0,69.32713964864865,37.0,3.64804690625,32.0,66.41199999999999,35.0,13.9,12.0
2023-06-04,12.541666666666666,12.0,53.56482857142857,35.0,6.193038285714286,28.0,70.13141891891892,37.0,3.7622395625,32.0,67.588,35.0,18.4,12.0
2023-06-05,9.441666666666666,12.0,48.895828571428574,35.0,7.258598642857143,28.0,64.8131755945946,37.0,4.65950521875,32.0,71.353,35.0,19.4,12.0
2023-06-06,7.5249999999999995,12.0,44.641714285714286,35.0,6.084696357142858,28.0,63.05646931578947,38.0,4.403928875,32.0,68.706,35.0,12.9,12.0
2023-06-07,5.3500000000000005,12.0,37.66534285714286,35.0,7.868620571428571,28.0,63.90573031578947,38.0,3.75377603125,32.0,60.059000000000005,35.0,9.6,12.0
2023-06-08,7.433333333333334,12.0,43.15902857142857,35.0,9.64994932142857,28.0,66.30219294736843,38.0,3.9050780937500003,32.0,64.64699999999999,35.0,12.4,12.0
2023-06-09,8.903921583333334,12.0,42.12394285714286,35.0,8.904449821428571,28.0,66.66318365789475,38.0,3.7399586875,32.0,65.0,35.0,15.0,12.0
2023-06-10,9.036363636363635,11.0,43.128882352941176,34.0,7.122539285714287,28.0,65.94901962162162,37.0,3.63763435483871,31.0,58.909000000000006,34.0,16.2,11.0
2023-06-11,3.3454545454545452,11.0,34.41805882352941,34.0,3.9579832500000003,28.0,62.76308089189189,37.0,4.372983870967742,31.0,48.0,34.0,6.0,11.0
2023-06-12,5.362222249999999,12.0,33.89745714285714,35.0,7.685659035714286,28.0,64.63074689473684,38.0,4.0312239375,32.0,51.647,35.0,10.246667,12.0
2023-06-13,7.6027777500000004,12.0,39.35968571428571,35.0,8.875063,28.0,67.31516018421053,38.0,3.8107903125,32.0,56.059,35.0,14.8,12.0
2023-06-14,10.218181818181819,11.0,41.25877142857143,35.0,11.027336464285714,28.0,67.25934321052632,38.0,3.63411465625,32.0,61.765,35.0,21.3,11.0
2023-06-15,7.381818181818182,11.0,40.0934705882353,34.0,8.278249964285715,28.0,68.36602868421053,38.0,3.92760421875,32.0,58.412,34.0,13.8,11.0
2023-06-16,9.69090909090909,11.0,41.8434,35.0,9.583627142857143,28.0,71.55493421052631,38.0,3.5877604375,32.0,58.0,35.0,16.5,11.0
2023-06-17,10.472727272727273,11.0,48.67731428571428,35.0,8.313838714285714,28.0,75.02954260526316,38.0,3.92155878125,32.0,74.294,35.0,13.8,11.0
2023-06-18,8.581249999999999,12.0,40.885771428571424,35.0,5.154981892857143,28.0,71.88457208108107,37.0,4.470699,31.0,57.059,35.0,13.8,12.0
2023-06-19,6.5,12.0,35.841542857142855,35.0,6.527930928571429,28.0,68.71858108108108,37.0,4.281451548387097,31.0,54.235,35.0,10.0,12.0
2023-06-20,7.816666666666666,12.0,44.79031428571429,35.0,9.01437425,28.0,70.17546794736842,38.0,3.6712448125,32.0,70.118,35.0,13.1,12.0
2023-06-21,10.200000000000001,12.0,47.19279411764706,34.0,11.43517307142857,28.0,70.63662284210527,38.0,3.86119790625,32.0,67.235,34.0,16.6,12.0
2023-06-22,10.141666666666667,12.0,38.188529411764705,34.0,8.83765525925926,27.0,66.84351256756757,37.0,4.632223032258064,31.0,54.176,34.0,18.0,12.0
2023-06-23,7.69068625,12.0,38.821,35.0,7.622678214285714,28.0,66.84437607894738,38.0,3.76827259375,32.0,55.824,35.0,10.8,12.0
2023-06-24,8.845454545454546,11.0,44.430794117647054,34.0,9.115064370370371,27.0,69.69740986486487,37.0,3.73242190625,32.0,65.88199999999999,34.0,13.1,11.0
2023-06-25,8.063636363636364,11.0,44.918705882352945,34.0,6.561003814814814,27.0,70.141554,37.0,3.8010416562500002,32.0,63.765,34.0,12.3,11.0
2023-06-26,8.719607833333333,12.0,45.408457142857145,35.0,9.8265625,28.0,71.066628,38.0,3.8766926875,32.0,65.05900000000001,35.0,13.1,12.0
2023-06-27,10.775,12.0,47.29397142857143,35.0,10.295109464285714,28.0,72.05928028947368,38.0,3.84727034375,32.0,73.588,35.0,15.6,12.0
2023-06-28,10.983333333333334,12.0,44.20731428571429,35.0,8.496372714285714,28.0,70.6098245,38.0,4.01065109375,32.0,65.824,35.0,18.6,12.0
2023-06-29,10.216666666666667,12.0,48.45522857142857,35.0,9.971566035714286,28.0,74.07333531578948,38.0,3.543359375,32.0,80.0,35.0,15.1,12.0
2023-06-30,12.325980416666667,12.0,50.72117142857143,35.0,13.552499285714287,28.0,78.4367325,38.0,3.3852864375,32.0,75.70599999999999,35.0,19.0,12.0
2023-07-01,12.333333333333334,12.0,55.72425714285715,35.0,9.86789707142857,28.0,80.26638536842106,38.0,3.61432290625,32.0,80.765,35.0,21.7,12.0
2023-07-02,13.15,12.0,56.433542857142854,35.0,8.437292964285714,28.0,81.01239034210526,38.0,3.47265621875,32.0,85.176,35.0,19.3,12.0
2023-07-03,12.766666666666666,12.0,50.59162857142857,35.0,11.649191285714286,28.0,80.01600884210526,38.0,3.8018568125,32.0,79.41199999999999,35.0,19.7,12.0
2023-07-04,19.974999999999998,12.0,46.523114285714286,35.0,7.765376357142857,28.0,76.55361847368421,38.0,4.136458375,32.0,64.41199999999999,35.0,50.7,12.0
2023-07-05,32.358333333333334,12.0,49.59831428571429,35.0,9.782422857142858,28.0,75.40127068421053,38.0,3.67955734375,32.0,71.647,35.0,108.3,12.0
2023-07-06,11.85,12.0,47.644628571428576,35.0,10.282076285714286,28.0,73.81938265789474,38.0,4.099181625,32.0,71.824,35.0,18.5,12.0
2023-07-07,9.596064833333333,12.0,49.05182352941176,34.0,9.02651092857143,28.0,73.27672905263158,38.0,3.85665059375,32.0,74.294,34.0,15.0,12.0
2023-07-08,10.853636363636364,11.0,51.59758823529412,34.0,7.6695005,28.0,74.04413136842106,38.0,3.7626301562499997,32.0,77.941,34.0,15.5,11.0
2023-07-09,11.281818181818183,11.0,48.34432352941177,34.0,6.857744607142857,28.0,74.56171257894736,38.0,3.7243489375,32.0,72.059,34.0,17.8,11.0
2023-07-10,11.100641000000001,12.0,53.013823529411766,34.0,11.654360821428572,28.0,78.08520692105263,38.0,3.1270833125,32.0,90.412,34.0,19.3,12.0
2023-07-11,10.666666666666666,12.0,50.43714285714285,35.0,14.05538182142857,28.0,81.33142228947368,38.0,3.52333,32.0,80.706,35.0,18.2,12.0
2023-07-12,8.441666666666666,12.0,44.66722857142857,35.0,14.569457142857143,28.0,83.1741227631579,38.0,3.8694365,32.0,59.176,35.0,15.5,12.0
2023-07-13,8.791666666666666,12.0,46.9938,35.0,14.230747035714286,28.0,83.16578944736841,38.0,3.7292968125,32.0,75.294,35.0,24.2,12.0
2023-07-14,12.225,12.0,55.97654285714286,35.0,15.543874964285715,28.0,84.09100871052631,38.0,3.2736979375,32.0,90.70599999999999,35.0,38.0,12.0
2023-07-15,17.033333333333335,12.0,53.625228571428565,35.0,12.320833250000002,28.0,84.47905707894738,38.0,3.2591145625,32.0,89.824,35.0,45.4,12.0
2023-07-16,13.247916666666667,12.0,50.66585714285714,35.0,8.734672607142857,28.0,84.50668865789473,38.0,3.40091146875,32.0,77.059,35.0,17.6,12.0
2023-07-17,11.6,12.0,47.907628571428575,35.0,11.627144464285715,28.0,85.1202620263158,38.0,3.71775634375,32.0,65.765,35.0,17.9,12.0
2023-07-18,10.208333333333334,12.0,44.84068571428571,35.0,12.75861457142857,28.0,85.02423244736842,38.0,3.81086390625,32.0,66.0,35.0,17.0,12.0
2023-07-19,9.325000000000001,12.0,44.214200000000005,35.0,12.475013,28.0,85.49089913157896,38.0,3.596117375,32.0,68.333,35.0,13.5,12.0
2023-07-20,10.716666666666667,12.0,45.60917142857143,35.0,14.436826107142858,28.0,86.27171047368421,38.0,3.54752596875,32.0,67.118,35.0,16.5,12.0
2023-07-21,12.208333333333334,12.0,47.03522857142857,35.0,14.26450575,28.0,84.20043863157895,38.0,3.6194011875,32.0,72.353,35.0,18.7,12.0
2023-07-22,13.102451,12.0,51.5042,35.0,11.433171607142857,28.0,83.64682013157895,38.0,3.3200520937499998,32.0,81.118,35.0,21.3,12.0
2023-07-23,15.609090909090908,11.0,42.51257142857143,35.0,8.775524107142857,28.0,81.40010960526315,38.0,2.99830734375,32.0,59.117999999999995,35.0,44.3,11.0
2023-07-24,12.6,11.0,50.682428571428574,35.0,11.686387107142858,28.0,84.8873855263158,38.0,3.31588540625,32.0,76.647,35.0,21.8,11.0
2023-07-25,12.631368636363636,11.0,51.38494285714285,35.0,13.779578,28.0,86.71690157894737,38.0,3.4311820625,32.0,71.0,35.0,23.2,11.0
2023-07-26,10.631404999999999,11.0,46.32602857142857,35.0,13.687855071428572,28.0,87.19879389473685,38.0,3.5197916875,32.0,67.412,35.0,16.6,11.0
2023-07-27,10.863636363636363,11.0,49.38257142857143,35.0,12.786041321428572,28.0,86.00932018421052,38.0,3.3606770625,32.0,78.533,35.0,18.3,11.0
2023-07-28,12.827272727272726,11.0,45.7679705882353,34.0,11.501952107142857,28.0,83.8598337368421,38.0,3.37265621875,32.0,67.706,34.0,18.8,11.0
2023-07-29,13.727272727272727,11.0,52.234171428571436,35.0,10.767475392857142,28.0,85.0981202368421,38.0,2.9388764375,32.0,74.412,35.0,22.3,11.0
2023-07-30,12.945454545454545,11.0,48.647085714285716,35.0,8.3675725,28.0,84.38464921052632,38.0,3.4187500625,32.0,67.706,35.0,21.3,11.0
2023-07-31,26.08181818181818,11.0,42.3136,35.0,11.4335695,28.0,82.32543855263158,38.0,3.4708333749999998,32.0,63.0,35.0,111.5,11.0
2023-08-01,12.6,11.0,44.7856,35.0,11.214291321428572,28.0,82.32300631578948,38.0,3.2996921875000003,32.0,66.588,35.0,21.2,11.0
2023-08-02,9.718181818181819,11.0,44.784171428571426,35.0,12.044433428571429,28.0,81.7616827368421,38.0,3.74919503125,32.0,66.941,35.0,15.9,11.0
2023-08-03,8.979761916666666,12.0,45.3162,35.0,11.407356142857143,28.0,78.13969292105264,38.0,3.6104166875,32.0,69.529,35.0,13.8,12.0
2023-08-04,10.491666666666667,12.0,49.032914285714284,35.0,10.94053707142857,28.0,77.8506982631579,38.0,3.29365403125,32.0,84.118,35.0,14.9,12.0
2023-08-05,12.325000000000001,12.0,52.843714285714285,35.0,10.627964964285713,28.0,80.90285086842105,38.0,3.1040365,32.0,79.118,35.0,18.7,12.0
2023-08-06,11.108333333333334,12.0,50.685742857142856,35.0,8.624039535714285,28.0,81.49418855263157,38.0,3.34075515625,32.0,68.706,35.0,20.1,12.0
2023-08-07,9.416666666666666,12.0,45.53671428571429,35.0,10.478237428571429,28.0,80.0600877368421,38.0,3.78541665625,32.0,61.294000000000004,35.0,19.4,12.0
2023-08-08,8.291666666666666,12.0,32.27423529411765,34.0,9.678281107142856,28.0,78.994589,38.0,4.0890511875,32.0,51.706,34.0,13.2,12.0
2023-08-09,8.561111083333333,12.0,29.31397142857143,35.0,9.62540707142857,28.0,77.50011439473684,38.0,3.7838541875,32.0,40.0,35.0,15.0,12.0
2023-08-10,7.2250000000000005,12.0,29.138,35.0,7.534956428571428,28.0,74.98048242105263,38.0,4.1289061875,32.0,39.176,35.0,11.9,12.0
2023-08-11,7.25,12.0,32.40417647058823,34.0,7.941246821428571,28.0,75.61217105263158,38.0,3.8484375625,32.0,50.882,34.0,12.5,12.0
2023-08-12,7.7749999999999995,12.0,37.85123529411765,34.0,8.120524535714285,28.0,77.73574565789473,38.0,3.4414061562500002,32.0,53.824,34.0,12.6,12.0
2023-08-13,8.741666666666665,12.0,38.64191176470588,34.0,7.8114035714285714,28.0,78.84364039473685,38.0,3.21653653125,32.0,55.824,34.0,14.1,12.0
2023-08-14,8.408333333333333,12.0,39.809200000000004,35.0,10.633418678571429,28.0,80.85986839473684,38.0,3.222135375,32.0,56.647000000000006,35.0,15.1,12.0
2023-08-15,8.058333333333334,12.0,42.0110294117647,34.0,12.464153035714286,28.0,83.65917713157894,38.0,3.1819915625,32.0,57.5,34.0,14.4,12.0
2023-08-16,6.908333333333332,12.0,43.06170588235294,34.0,13.12196675,28.0,85.25145957894738,38.0,3.2522135312500002,32.0,66.353,34.0,11.2,12.0
2023-08-17,7.8,12.0,42.14791176470588,34.0,13.6713345,28.0,83.26428768421052,38.0,3.5184875,32.0,56.647000000000006,34.0,13.5,12.0
2023-08-18,7.608333333333333,12.0,38.617558823529414,34.0,13.172349642857142,28.0,80.98311397368421,38.0,3.34698521875,32.0,56.175999999999995,34.0,12.8,12.0
2023-08-19,7.34068625,12.0,37.30623529411765,34.0,10.803601392857143,28.0,75.31918857894738,38.0,3.187231129032258,31.0,49.882000000000005,34.0,12.5,12.0
2023-08-20,3.3272727272727276,11.0,25.274878787878787,33.0,6.366295,28.0,70.55230692105263,38.0,4.860872419354839,31.0,33.882000000000005,33.0,9.7,11.0
2023-08-21,3.3545454545454545,11.0,25.607818181818182,33.0,5.228436481481482,27.0,70.73434683783785,37.0,3.498827903225806,31.0,35.765,33.0,6.1,11.0
2023-08-22,7.247548999999999,12.0,34.28875757575758,33.0,11.022430148148148,27.0,75.16373875675676,37.0,2.85101340625,32.0,49.528999999999996,33.0,12.2,12.0
2023-08-23,8.932352916666666,12.0,42.26581818181818,33.0,13.629435407407406,27.0,78.80649051351352,37.0,3.07271540625,32.0,64.05900000000001,33.0,14.4,12.0
2023-08-24,10.583333333333334,12.0,45.15624242424242,33.0,11.929863107142856,28.0,78.12286381578947,38.0,3.29120159375,32.0,81.26700000000001,33.0,15.5,12.0
2023-08-25,9.166666666666666,12.0,40.074294117647064,34.0,12.935933357142858,28.0,78.70783497368421,38.0,3.06833565625,32.0,66.235,34.0,16.3,12.0
2023-08-26,8.483333333333333,12.0,42.63941176470588,34.0,12.994477535714285,28.0,80.72434205263157,38.0,2.8786458125,32.0,63.58800000000001,34.0,14.1,12.0
2023-08-27,9.450000000000001,12.0,42.625696969696975,33.0,13.615370928571428,28.0,83.69268489473684,38.0,2.89672615625,32.0,60.471,33.0,15.0,12.0
2023-08-28,11.325000000000001,12.0,49.03739393939394,33.0,18.85787357142857,28.0,86.31348689473684,38.0,2.8697916875,32.0,70.235,33.0,19.2,12.0
2023-08-29,12.85,12.0,52.27323529411765,34.0,20.31944632142857,28.0,86.51632789473685,38.0,2.817153625,32.0,81.29400000000001,34.0,22.7,12.0
2023-08-30,12.658333333333331,12.0,46.84679411764706,34.0,18.213327392857142,28.0,84.06915042105263,38.0,3.0518229375,32.0,77.235,34.0,22.9,12.0
2023-08-31,12.618452416666665,12.0,43.95364705882353,34.0,12.963340321428571,28.0,80.92112239473684,38.0,3.48604409375,32.0,72.0,34.0,24.4,12.0
2023-09-01,12.789444416666667,12.0,30.95123529411765,34.0,7.837371178571429,28.0,75.52355065789475,38.0,4.03840003125,32.0,40.824,34.0,19.8,12.0
2023-09-02,6.241666666666667,12.0,18.970588235294116,34.0,4.929362571428571,28.0,73.90822376315789,38.0,3.11575521875,32.0,34.588,34.0,9.9,12.0
2023-09-03,7.008333333333333,12.0,27.7475,34.0,4.526249928571429,28.0,72.77423236842105,38.0,4.2074218125,32.0,39.0,34.0,22.2,12.0
2023-09-04,7.891666666666667,12.0,31.97920588235294,34.0,5.975340035714285,28.0,71.02883771052632,38.0,3.3682291875,32.0,44.471,34.0,14.7,12.0
2023-09-05,8.783333333333333,12.0,38.54141176470588,34.0,9.412918035714286,28.0,71.90517734210526,38.0,3.42648325,32.0,64.88199999999999,34.0,15.0,12.0
2023-09-06,9.275,12.0,43.83338235294118,34.0,9.655989071428573,28.0,74.73236413157895,38.0,3.0100075,32.0,70.529,34.0,15.7,12.0
2023-09-07,9.441666666666666,12.0,42.37614705882353,34.0,15.294549964285713,28.0,77.01550039473685,38.0,2.7640328125,32.0,62.412,34.0,20.8,12.0
2023-09-08,9.858333333333333,12.0,44.79982352941176,34.0,17.194871285714285,28.0,81.51301834210527,38.0,2.55455728125,32.0,55.353,34.0,18.8,12.0
2023-09-09,10.35,12.0,42.52773529411765,34.0,13.662008285714284,28.0,84.26162284210527,38.0,3.03359375,32.0,63.824000000000005,34.0,16.1,12.0
2023-09-10,9.85,12.0,37.034588235294116,34.0,9.790776750000001,28.0,82.2035087631579,38.0,2.91276053125,32.0,50.294,34.0,15.0,12.0
2023-09-11,10.433333333333334,12.0,34.909970588235296,34.0,15.809563749999999,28.0,79.6337719736842,38.0,2.5268229375,32.0,54.176,34.0,16.1,12.0
2023-09-12,8.733333333333333,12.0,40.057235294117646,34.0,12.102498321428572,28.0,77.1578762631579,38.0,3.28583065625,32.0,57.294,34.0,15.7,12.0
2023-09-13,10.691666666666668,12.0,43.53911764705882,34.0,8.773882071428572,28.0,73.24678889473684,38.0,3.5779948125,32.0,58.059,34.0,24.8,12.0
2023-09-14,10.541666666666666,12.0,44.081382352941176,34.0,9.839611750000001,28.0,73.10555560526316,38.0,3.3637714375,32.0,66.19999999999999,34.0,22.3,12.0
2023-09-15,12.025,12.0,42.10471875,32.0,10.532402178571429,28.0,73.34664216216217,37.0,3.0371351290322584,31.0,55.705999999999996,32.0,19.2,12.0
2023-09-16,13.775,12.0,42.42254545454546,33.0,8.820102285714286,28.0,72.34380627027026,37.0,3.0893817096774194,31.0,54.059000000000005,33.0,29.2,12.0
2023-09-17,9.433333333333334,12.0,41.52942424242424,33.0,6.743827678571429,28.0,71.54673421621622,37.0,3.2090054516129034,31.0,57.941,33.0,23.7,12.0
2023-09-18,8.791666666666666,12.0,38.522333333333336,33.0,8.910940714285713,28.0,71.02804056756756,37.0,3.510215,31.0,59.059,33.0,20.3,12.0
2023-09-19,9.041666666666666,12.0,43.18248484848485,33.0,10.630452857142856,28.0,69.78130643243244,37.0,2.981720419354839,31.0,68.647,33.0,14.7,12.0
2023-09-20,9.391666666666667,12.0,41.29124242424243,33.0,7.787749392857143,28.0,68.53507081081081,37.0,3.8346197419354837,31.0,51.0,33.0,14.2,12.0
2023-09-21,15.234375,12.0,37.52045454545454,33.0,8.994636250000001,28.0,67.22379675675676,37.0,3.711311612903226,31.0,52.117999999999995,33.0,32.6125,12.0
2023-09-22,16.796078416666667,12.0,38.553969696969695,33.0,14.347257142857144,28.0,67.55521940540541,37.0,2.246102225806452,31.0,58.353,33.0,27.0,12.0
2023-09-23,16.546794833333333,12.0,43.17184848484849,33.0,11.042410678571429,28.0,71.26813072972973,37.0,2.557526870967742,31.0,58.118,33.0,28.6,12.0
2023-09-24,16.764062499999998,12.0,42.617909090909095,33.0,9.711428357142855,28.0,71.72623875675676,37.0,2.659811806451613,31.0,57.333000000000006,33.0,26.9,12.0
2023-09-25,15.558333333333332,12.0,36.3868125,32.0,14.74659025,28.0,71.24099102702702,37.0,2.659274129032258,31.0,51.117999999999995,32.0,27.4,12.0
2023-09-26,12.362499999999999,12.0,39.425969696969695,33.0,16.967237,28.0,72.79711818918918,37.0,2.472392161290322,31.0,67.059,33.0,22.0,12.0
2023-09-27,10.755,12.0,46.75242424242424,33.0,17.76069167857143,28.0,72.88221008108107,37.0,2.4361558387096776,31.0,83.471,33.0,19.3,12.0
2023-09-28,11.868771083333334,12.0,51.16881818181818,33.0,11.180985285714286,28.0,71.06325754054055,37.0,3.0580279354838713,31.0,87.118,33.0,19.0,12.0
2023-09-29,10.763636363636364,11.0,44.67469696969697,33.0,8.037892035714286,28.0,68.33513518918919,37.0,3.3314515806451612,31.0,56.0,33.0,18.3,11.0
2023-09-30,5.3,11.0,29.99446875,32.0,5.1429158571428575,28.0,63.59144143243244,37.0,4.534543032258064,31.0,38.353,32.0,11.2,11.0
2023-10-01,4.0181818181818185,11.0,29.26284375,32.0,5.787108821428572,28.0,60.89335583783784,37.0,3.135887096774194,31.0,38.587999999999994,32.0,8.5,11.0
2023-10-02,7.045454545454546,11.0,29.05815625,32.0,11.462707607142857,28.0,62.78603597297297,37.0,2.718145129032258,31.0,40.059,32.0,10.6,11.0
2023-10-03,7.791443818181818,11.0,30.16133333333333,33.0,16.409005178571427,28.0,68.62143735135136,37.0,2.4220674838709675,31.0,47.647,33.0,14.5,11.0
2023-10-04,7.56794875,12.0,27.983363636363638,33.0,17.552405,28.0,74.41039108108109,37.0,3.2684261935483874,31.0,42.118,33.0,15.3,12.0
2023-10-05,6.258333333333333,12.0,29.564666666666668,33.0,18.035781392857142,28.0,77.64954956756758,37.0,2.788440870967742,31.0,44.471,33.0,15.5,12.0
2023-10-06,8.133333333333333,12.0,31.883454545454544,33.0,20.639528285714285,28.0,78.10867121621621,37.0,2.5369623225806452,31.0,46.059000000000005,33.0,16.6,12.0
2023-10-07,9.141666666666667,12.0,40.855636363636364,33.0,16.325754035714287,28.0,77.33277024324325,37.0,2.1986559032258066,31.0,64.05900000000001,33.0,16.5,12.0
2023-10-08,11.625,12.0,41.71239393939394,33.0,14.28506367857143,28.0,76.4588964054054,37.0,2.333871,31.0,56.765,33.0,22.0,12.0
2023-10-09,11.691666666666665,12.0,35.303,33.0,15.994025535714286,28.0,73.56430181081082,37.0,2.690860193548387,31.0,47.059,33.0,20.5,12.0
2023-10-10,8.033333333333333,12.0,35.32596875,32.0,10.322413928571427,28.0,69.19467575675677,37.0,3.2280107419354835,31.0,47.765,32.0,15.7,12.0
2023-10-11,7.966666666666668,12.0,34.14146875,32.0,8.574629607142857,28.0,66.72845743243244,37.0,4.162120096774194,31.0,46.059000000000005,32.0,19.8,12.0
2023-10-12,8.108333333333333,12.0,30.652606060606058,33.0,13.436502642857144,28.0,66.9980748108108,37.0,2.988575258064516,31.0,41.647000000000006,33.0,13.1,12.0
2023-10-13,8.491666666666667,12.0,30.05830303030303,33.0,16.144096785714286,28.0,67.2521395945946,37.0,2.253091419354839,31.0,38.059000000000005,33.0,15.9,12.0
2023-10-14,10.483333333333333,12.0,35.663303030303034,33.0,16.29862907142857,28.0,67.9738805135135,37.0,1.9890733870967743,31.0,54.705999999999996,33.0,17.4,12.0
2023-10-15,9.3,12.0,38.461696969696966,33.0,16.29291417857143,28.0,72.40281532432432,37.0,2.1450269677419356,31.0,59.353,33.0,16.8,12.0
2023-10-16,9.4,12.0,40.4010303030303,33.0,21.401339357142856,28.0,73.28265762162162,37.0,2.2694891935483867,31.0,61.941,33.0,18.5,12.0
2023-10-17,11.75,12.0,42.37978787878787,33.0,20.72712517857143,28.0,72.43122975675675,37.0,2.212939903225806,31.0,64.471,33.0,22.3,12.0
2023-10-18,13.233333333333333,12.0,36.489,32.0,21.264485357142856,28.0,74.09594589189189,37.0,2.231317258064516,31.0,46.705999999999996,32.0,25.9,12.0
2023-10-19,13.161458333333334,12.0,37.20675757575758,33.0,22.853337962962964,27.0,75.78349375675676,37.0,2.3822824838709677,31.0,52.528999999999996,33.0,28.9375,12.0
2023-10-20,11.0,11.0,36.428696969696965,33.0,22.402444178571425,28.0,77.04608927027027,37.0,2.323118322580645,31.0,57.647,33.0,18.4,11.0
2023-10-21,9.327272727272726,11.0,34.66157575757576,33.0,15.517944857142856,28.0,74.16317564864865,37.0,2.822715096774193,31.0,57.059,33.0,15.1,11.0
2023-10-22,6.054545454545454,11.0,32.90021212121212,33.0,7.585835464285714,28.0,66.91565313513514,37.0,3.4752687741935486,31.0,42.118,33.0,11.4,11.0
2023-10-23,3.6181818181818177,11.0,24.664878787878788,33.0,7.571922678571428,28.0,65.41265175675676,37.0,3.051729806451613,31.0,36.353,33.0,6.4,11.0
2023-10-24,6.650454583333334,12.0,31.90512121212121,33.0,11.613152857142856,28.0,65.78344597297297,37.0,2.640456967741936,31.0,44.0,33.0,9.9,12.0
2023-10-25,7.2318181818181815,11.0,32.782060606060604,33.0,7.260083285714286,28.0,64.43510443243244,37.0,3.438978516129032,31.0,48.235,33.0,9.85,11.0
2023-10-26,7.2875000000000005,12.0,30.189272727272726,33.0,10.84012832142857,28.0,64.19964610810811,37.0,2.8448924838709675,31.0,42.353,33.0,11.7,12.0
2023-10-27,9.489583333333334,12.0,33.6726875,32.0,14.220163392857144,28.0,62.22152780555555,36.0,2.3837500666666664,30.0,50.0,32.0,14.2,12.0
2023-10-28,9.808333333333334,12.0,36.991151515151515,33.0,11.945069821428572,28.0,61.54062502777778,36.0,2.6676389333333335,30.0,49.118,33.0,14.6,12.0
2023-10-29,8.641666666666667,12.0,36.09175,32.0,7.343489607142857,28.0,62.18798258333334,36.0,6.3185432,30.0,44.882,32.0,16.5,12.0
2023-10-30,4.9805555833333335,12.0,32.16184375,32.0,14.595678071428571,28.0,62.77630948571428,35.0,4.861206896551724,29.0,46.588,32.0,9.3,12.0
2023-10-31,5.875206636363637,11.0,28.221235294117648,34.0,19.06460739285714,28.0,65.18812838888888,36.0,3.6394445,30.0,44.455,34.0,10.0,11.0
2023-11-01,6.78777775,12.0,27.29721212121212,33.0,22.98018660714286,28.0,65.02789345714285,35.0,2.3569443666666667,30.0,44.294,33.0,10.9,12.0
2023-11-02,10.56190475,12.0,28.31809375,32.0,26.968181750000003,28.0,64.81286754285713,35.0,2.060138766666667,30.0,52.471,32.0,14.6,12.0
2023-11-03,14.057638916666667,12.0,32.06166666666667,33.0,28.876869892857144,28.0,64.60433742857143,35.0,1.9924637666666667,30.0,55.471,33.0,22.8,12.0
2023-11-04,16.633333333333333,12.0,37.89666666666666,33.0,24.876268107142856,28.0,65.03947285714285,35.0,1.9275000666666666,30.0,62.824000000000005,33.0,31.4,12.0
2023-11-05,16.400000000000002,11.0,42.91984848484849,33.0,20.168997571428573,28.0,66.77488091428572,35.0,1.9254166,30.0,65.706,33.0,32.4,11.0
2023-11-06,10.527272727272727,11.0,34.27860606060606,33.0,18.2714315,28.0,65.73678574285714,35.0,2.5070832666666667,30.0,49.353,33.0,21.5,11.0
2023-11-07,6.809090909090909,11.0,31.87470588235294,34.0,10.87803117857143,28.0,61.66999163888889,36.0,3.174059129032258,31.0,42.941,34.0,11.1,11.0
2023-11-08,5.718181818181818,11.0,32.45766666666667,33.0,12.4128885,28.0,61.54200386111111,36.0,4.734139741935484,31.0,42.175999999999995,33.0,11.1,11.0
2023-11-09,5.656363636363636,11.0,27.02460606060606,33.0,15.662521214285714,28.0,61.686173333333336,36.0,4.433870967741935,31.0,44.528999999999996,33.0,13.0,11.0
2023-11-10,10.08,10.0,23.31730303030303,33.0,24.50410260714286,28.0,57.84513883333333,36.0,1.9625,31.0,44.294,33.0,15.1,10.0
2023-11-11,12.8829412,10.0,28.417060606060605,33.0,22.150848107142856,28.0,59.74837969444444,36.0,2.1959677096774195,31.0,49.0,33.0,18.9,10.0
2023-11-12,10.790000000000001,10.0,29.024969696969695,33.0,18.939519714285716,28.0,62.38460652777778,36.0,2.2333334193548384,31.0,48.0,33.0,17.5,10.0
2023-11-13,9.64,11.0,28.807060606060606,33.0,24.65623025,28.0,61.09386580555555,36.0,2.2694891935483867,31.0,53.059000000000005,33.0,16.1,11.0
2023-11-14,10.445454545454545,11.0,25.784363636363636,33.0,27.411667321428574,28.0,61.24355011111111,36.0,1.901761612903226,31.0,53.587999999999994,33.0,16.7,11.0
2023-11-15,9.163636363636364,11.0,23.652848484848484,33.0,23.371946357142857,28.0,57.549897944444446,36.0,2.259824064516129,31.0,50.0,33.0,15.1,11.0
2023-11-16,6.872727272727272,11.0,16.05378125,32.0,14.559132071428573,28.0,59.77789352777778,36.0,1.7438171612903226,31.0,29.0,32.0,11.0,11.0
2023-11-17,6.836363636363637,11.0,26.54978787878788,33.0,12.394784592592591,27.0,60.63791038888889,36.0,2.4775171290322584,31.0,36.647,33.0,10.1,11.0
2023-11-18,5.154545454545455,11.0,27.59721212121212,33.0,7.933852678571428,28.0,61.37326386111111,36.0,2.7750000322580646,31.0,38.235,33.0,10.0,11.0
2023-11-19,4.472727272727273,11.0,31.914454545454543,33.0,7.787009321428571,28.0,60.88592594444444,36.0,3.8092740967741934,31.0,43.471000000000004,33.0,6.5,11.0
2023-11-20,7.618181818181818,11.0,29.175272727272727,33.0,11.875377518518519,27.0,59.629957222222224,36.0,7.214606548387097,31.0,40.765,33.0,11.6,11.0
2023-11-21,4.327272727272727,11.0,22.99529411764706,34.0,15.659170892857142,28.0,62.095963805555556,36.0,4.238863566666667,30.0,38.294000000000004,34.0,9.1,11.0
2023-11-22,5.854545454545455,11.0,20.196441176470586,34.0,20.659243857142858,28.0,60.99872694444444,36.0,2.5887499666666667,30.0,38.235,34.0,15.7,11.0
2023-11-23,7.0636363636363635,11.0,37.003499999999995,34.0,12.403469642857143,28.0,59.348032499999995,36.0,3.0620833333333333,30.0,47.588,34.0,9.5,11.0
2023-11-24,8.409090909090908,11.0,26.911558823529415,34.0,9.01990457142857,28.0,56.837963,36.0,2.6216667,30.0,37.824000000000005,34.0,12.3,11.0
2023-11-25,7.454545454545454,11.0,26.56321212121212,33.0,10.70919975,28.0,54.010300944444445,36.0,3.140416666666667,30.0,34.471000000000004,33.0,14.2,11.0
2023-11-26,3.8272727272727267,11.0,23.78023529411765,34.0,8.884209107142857,28.0,54.19189819444445,36.0,4.039444433333333,30.0,32.647000000000006,34.0,9.7,11.0
2023-11-27,4.581818181818182,11.0,20.22735294117647,34.0,15.595894428571428,28.0,55.61433077777778,36.0,3.2824999333333333,30.0,34.235,34.0,10.1,11.0
2023-11-28,7.5,11.0,19.451735294117647,34.0,21.846250857142856,28.0,55.60138886111111,36.0,2.151150806451613,31.0,37.941,34.0,12.4,11.0
2023-11-29,7.654545454545455,11.0,24.789823529411766,34.0,18.521420142857146,28.0,53.02375197222222,36.0,2.536827935483871,31.0,38.529,34.0,11.7,11.0
2023-11-30,5.61742425,12.0,25.260117647058824,34.0,13.824944607142857,28.0,54.13729,35.0,2.3039554838709675,31.0,42.294,34.0,8.309091,12.0
2023-12-01,7.390909090909091,11.0,25.9615625,32.0,14.39785111111111,27.0,54.03322662857143,35.0,2.7393817096774193,31.0,41.412,32.0,10.9,11.0
2023-12-02,9.863636363636363,11.0,24.70225,32.0,17.132490962962965,27.0,52.86238102857143,35.0,2.0134408387096774,31.0,45.882,32.0,14.4,11.0
2023-12-03,13.727272727272727,11.0,24.80884375,32.0,17.915372407407407,27.0,54.19190471428571,35.0,1.7518817096774193,31.0,40.294000000000004,32.0,22.3,11.0
2023-12-04,11.469791666666666,12.0,19.721870967741935,31.0,25.093443814814812,27.0,58.38988097142857,35.0,1.981182741935484,31.0,39.235,31.0,23.0,12.0
2023-12-05,7.777272750000001,12.0,18.3051875,32.0,23.24093166666667,27.0,62.67920634285714,35.0,2.373221451612903,31.0,38.353,32.0,18.5,12.0
2023-12-06,7.619791666666667,12.0,26.091125,32.0,21.200059481481482,27.0,60.47901137142857,35.0,2.525659774193548,31.0,45.059000000000005,32.0,13.4,12.0
2023-12-07,9.945454545454545,11.0,27.3388,30.0,15.481924851851852,27.0,56.20266717142857,35.0,2.699193612903226,31.0,42.824,30.0,17.2,11.0
2023-12-08,10.372727272727273,11.0,25.60474193548387,31.0,17.610007666666668,27.0,54.899387235294114,34.0,2.483064516129032,31.0,41.059,31.0,17.5,11.0
2023-12-09,5.5,11.0,30.514064516129032,31.0,11.62436137037037,27.0,55.95835791176471,34.0,5.200941,31.0,42.412,31.0,11.4,11.0
2023-12-10,6.2272727272727275,11.0,23.051,30.0,15.868993037037036,27.0,55.91740202941177,34.0,2.9584677096774192,31.0,44.117999999999995,30.0,12.6,11.0
2023-12-11,9.218181818181819,11.0,15.772281249999999,32.0,26.690797444444442,27.0,55.47173805714286,35.0,1.8048386451612903,31.0,41.175999999999995,32.0,16.5,11.0
2023-12-12,12.172727272727274,11.0,19.08590625,32.0,25.543643285714285,28.0,53.26035711428572,35.0,1.9322213870967742,31.0,38.75,32.0,21.7,11.0
2023-12-13,10.563636363636364,11.0,23.053875,32.0,18.9306155,28.0,54.35443455555556,36.0,3.1104838387096776,31.0,37.833,32.0,20.9,11.0
2023-12-14,8.090909090909092,11.0,20.201612903225808,31.0,22.427801714285714,28.0,54.88604488888889,36.0,2.1373882258064514,31.0,39.294000000000004,31.0,14.6,11.0
2023-12-15,9.155555555555557,9.0,22.045516129032258,31.0,22.492486000000003,28.0,57.3650111111111,36.0,2.9424730645161294,31.0,40.824,31.0,14.1,9.0
2023-12-16,10.066666666666666,9.0,21.40241935483871,31.0,21.52587535714286,28.0,58.30694438888889,36.0,2.422983903225807,31.0,39.588,31.0,15.7,9.0
2023-12-17,11.533333333333335,9.0,19.136516129032255,31.0,21.522572,28.0,59.55474530555556,36.0,2.0514785161290323,31.0,39.765,31.0,17.7,9.0
2023-12-18,9.850396833333333,12.0,20.170129032258064,31.0,26.30187532142857,28.0,60.19388886111111,36.0,1.812365612903226,31.0,40.667,31.0,17.6,12.0
2023-12-19,7.618181818181818,11.0,17.68196875,32.0,15.392578035714285,28.0,58.728124972222226,36.0,2.2906362258064514,31.0,30.529,32.0,14.5,11.0
2023-12-20,4.872727272727273,11.0,24.02064516129032,31.0,10.125923785714287,28.0,58.264181694444446,36.0,2.8357888387096772,31.0,36.824000000000005,31.0,9.4,11.0
2023-12-21,3.1454545454545455,11.0,20.45796875,32.0,11.127391035714286,28.0,58.71566361111112,36.0,2.7381251612903226,31.0,33.059,32.0,6.3,11.0
2023-12-22,4.263636363636364,11.0,19.230999999999998,32.0,11.474259321428573,28.0,56.066550888888884,36.0,2.488575258064516,31.0,33.118,32.0,7.3,11.0
2023-12-23,8.654545454545454,11.0,18.00821875,32.0,11.708519642857143,28.0,53.98865741666666,36.0,1.892473129032258,31.0,31.882,32.0,14.0,11.0
2023-12-24,14.536363636363637,11.0,19.71916129032258,31.0,11.347583714285715,28.0,53.64154083333333,36.0,1.745552870967742,31.0,34.471000000000004,31.0,24.4,11.0
2023-12-25,18.763636363636365,11.0,19.44484375,32.0,11.998896607142857,28.0,53.08287036111111,36.0,1.8024193548387097,31.0,36.528999999999996,32.0,33.1,11.0
2023-12-26,17.29090909090909,11.0,14.13634375,32.0,20.680653962962964,27.0,54.501603777777774,36.0,1.4890837419354839,31.0,35.588,32.0,26.9,11.0
2023-12-27,15.890909090909092,11.0,15.769322580645161,31.0,20.982899142857143,28.0,54.49780088888889,36.0,1.7573925161290322,31.0,39.0,31.0,27.2,11.0
2023-12-28,22.654545454545453,11.0,16.0543125,32.0,21.081774714285718,28.0,54.116782388888886,36.0,1.8126344516129032,31.0,38.765,32.0,45.6,11.0
2023-12-29,16.681818181818183,11.0,21.42353125,32.0,21.379079892857142,28.0,54.269444416666666,36.0,1.921639741935484,31.0,43.765,32.0,30.9,11.0
2023-12-30,10.045454545454545,11.0,25.54790625,32.0,11.363414607142857,28.0,53.14120369444444,36.0,2.7983870645161293,31.0,40.471,32.0,19.5,11.0
2023-12-31,9.818181818181818,11.0,22.37865625,32.0,11.911693571428572,28.0,50.899999944444446,36.0,1.7514784193548387,31.0,38.917,32.0,17.6,11.0
2024-01-01,16.26153846153846,13.0,23.69385294117647,34.0,12.089114148148147,27.0,51.47319816216216,37.0,2.4669270625,32.0,45.538000000000004,34.0,34.0,13.0
2024-01-02,9.601648384615384,13.0,23.860705882352942,34.0,17.657068285714285,28.0,51.594369324324326,37.0,2.13229171875,32.0,51.153999999999996,34.0,16.5,13.0
2024-01-03,6.2250000000000005,12.0,29.75721875,32.0,12.53411792857143,28.0,50.91164732432433,37.0,2.97994790625,32.0,47.5,32.0,10.6,12.0
2024-01-04,5.9750000000000005,12.0,21.22105882352941,34.0,15.266211035714287,28.0,50.10078835135135,37.0,2.8261718125,32.0,40.588,34.0,10.1,12.0
2024-01-05,8.567032999999999,13.0,20.30826470588235,34.0,20.4459765,28.0,50.06948202702703,37.0,2.16966140625,32.0,40.471,34.0,13.9,13.0
2024-01-06,7.93076923076923,13.0,32.05020588235294,34.0,14.39194007142857,28.0,50.5492117027027,37.0,3.16458334375,32.0,41.647000000000006,34.0,15.6,13.0
2024-01-07,3.0384615384615383,13.0,31.99982352941177,34.0,4.485166071428571,28.0,48.7188062972973,37.0,5.95286459375,32.0,39.882,34.0,8.2,13.0
2024-01-08,4.5019230769230765,13.0,22.050264705882356,34.0,14.647032607142858,28.0,46.51398851351352,37.0,3.88424478125,32.0,37.824000000000005,34.0,7.7,13.0
2024-01-09,7.676923076923076,13.0,18.80826470588235,34.0,21.50706607142857,28.0,47.40796602702703,37.0,2.11923575,32.0,37.941,34.0,14.3,13.0
2024-01-10,9.182211538461537,13.0,25.186647058823528,34.0,17.372804285714288,28.0,47.93030702702703,37.0,2.804480375,32.0,39.471,34.0,14.2,13.0
2024-01-11,5.461538461538462,13.0,25.972882352941177,34.0,12.322253821428571,28.0,49.77767056756757,37.0,4.32465671875,32.0,40.235,34.0,11.8,13.0
2024-01-12,8.246153846153847,13.0,22.02581818181818,33.0,21.618694892857143,28.0,47.710659,37.0,2.1130208437499998,32.0,41.412,33.0,13.2,13.0
2024-01-13,12.307692307692308,13.0,25.688000000000002,33.0,19.709889107142857,28.0,49.86486486486486,37.0,2.1881509375,32.0,45.059000000000005,33.0,24.3,13.0
2024-01-14,14.715384615384616,13.0,26.778969696969696,33.0,15.33122942857143,28.0,51.3532657027027,37.0,2.12044275,32.0,44.059,33.0,29.1,13.0
2024-01-15,16.092307692307692,13.0,21.06957575757576,33.0,20.79309,28.0,52.421509054054056,37.0,1.9260416875,32.0,38.059000000000005,33.0,28.7,13.0
2024-01-16,16.707692307692305,13.0,22.794,33.0,22.674795071428573,28.0,54.65720718918919,37.0,1.96047584375,32.0,41.76499999999999,33.0,28.4,13.0
2024-01-17,16.96153846153846,13.0,22.084529411764706,34.0,17.658994071428573,28.0,54.62667937837838,37.0,2.280925625,32.0,37.824000000000005,34.0,28.3,13.0
2024-01-18,13.076923076923077,13.0,19.649696969696972,33.0,18.594090892857142,28.0,55.543357666666665,36.0,1.92833459375,32.0,41.588,33.0,26.4,13.0
2024-01-19,12.13076923076923,13.0,20.238454545454545,33.0,22.50574339285714,28.0,56.801550594594595,37.0,1.996224,32.0,44.294,33.0,20.0,13.0
2024-01-20,9.084615384615384,13.0,20.01712121212121,33.0,15.843969357142857,28.0,54.43051794594595,37.0,2.18828128125,32.0,35.8,33.0,20.5,13.0
2024-01-21,5.838461538461539,13.0,27.41784375,32.0,8.29052325,28.0,55.18590291891892,37.0,2.35565825,32.0,38.824,32.0,14.7,13.0
2024-01-22,4.107692307692307,13.0,19.688181818181818,33.0,11.235527214285714,28.0,53.23096854054054,37.0,3.0347656874999998,32.0,36.0,33.0,11.9,13.0
2024-01-23,7.071597615384615,13.0,21.78014705882353,34.0,13.417805535714285,28.0,55.161568351351356,37.0,2.3995731875,32.0,35.882,34.0,13.5,13.0
2024-01-24,7.153205166666666,12.0,20.041939393939394,33.0,14.211587392857142,28.0,53.811711675675674,37.0,1.879557375,32.0,33.235,33.0,12.1,12.0
2024-01-25,4.734523833333333,12.0,22.317382352941177,34.0,11.29278925,28.0,55.40852778378378,37.0,2.41658378125,32.0,39.176,34.0,9.2,12.0
2024-01-26,7.434065923076923,13.0,26.5435,34.0,15.634633714285714,28.0,56.50844597297297,37.0,3.272135375,32.0,41.353,34.0,14.7,13.0
2024-01-27,5.407692307692307,13.0,27.289058823529412,34.0,15.297652964285716,28.0,60.619256756756755,37.0,3.69192721875,32.0,41.882000000000005,34.0,15.2,13.0
2024-01-28,6.207692307692308,13.0,22.827060606060606,33.0,15.576652178571427,28.0,62.318468486486495,37.0,2.84453121875,32.0,38.235,33.0,17.8,13.0
2024-01-29,6.507692307692308,13.0,23.032999999999998,34.0,20.123796964285713,28.0,61.47132132432432,37.0,2.25008684375,32.0,41.941,34.0,12.1,13.0
2024-01-30,8.03076923076923,13.0,22.58755882352941,34.0,24.13146417857143,28.0,59.92634637837838,37.0,2.04237996875,32.0,45.059000000000005,34.0,16.6,13.0
2024-01-31,9.207692307692309,13.0,35.77808823529411,34.0,18.286098071428572,28.0,57.56857083783783,37.0,2.76326934375,32.0,48.765,34.0,15.9,13.0
2024-02-01,5.323076923076924,13.0,26.92391176470588,34.0,10.558179321428572,28.0,50.93952713513514,37.0,3.34960946875,32.0,40.705999999999996,34.0,12.7,13.0
2024-02-02,4.276923076923077,13.0,31.90105882352941,34.0,10.73828992857143,28.0,51.293379648648646,37.0,3.54485340625,32.0,42.294,34.0,10.2,13.0
2024-02-03,4.416666666666667,12.0,34.77691176470588,34.0,9.200272285714286,28.0,51.16396397297297,37.0,2.878645875,32.0,41.706,34.0,7.9,12.0
2024-02-04,4.458333333333333,12.0,34.354617647058824,34.0,5.766880178571428,28.0,52.380968405405405,37.0,4.4861979375,32.0,40.882000000000005,34.0,9.3,12.0
2024-02-05,3.0,12.0,25.76294117647059,34.0,9.454530785714285,28.0,52.14707202702703,37.0,3.05325528125,32.0,36.588,34.0,8.0,12.0
2024-02-06,2.5833333333333335,12.0,29.544323529411763,34.0,11.611374607142858,28.0,48.58975221621622,37.0,2.50716140625,32.0,42.230999999999995,34.0,7.5,12.0
2024-02-07,3.7497041538461535,13.0,35.28367647058823,34.0,10.262815928571428,28.0,49.04753002702703,37.0,3.61117840625,32.0,40.824,34.0,9.0,13.0
2024-02-08,3.8076923076923075,13.0,30.498941176470588,34.0,9.827777714285714,28.0,47.970202756756755,37.0,3.3654947812500002,32.0,40.412,34.0,7.0,13.0
2024-02-09,4.107692307692307,13.0,29.693529411764708,34.0,11.182086821428571,28.0,48.52871624324324,37.0,2.4290364375,32.0,38.765,34.0,8.6,13.0
2024-02-10,5.630769230769231,13.0,28.617470588235296,34.0,10.295154321428571,28.0,50.275225216216214,37.0,3.9134114375,32.0,38.176,34.0,10.5,13.0
2024-02-11,6.438461538461539,13.0,25.87339393939394,33.0,12.5390415,28.0,50.05281518918919,37.0,2.66171878125,32.0,37.412,33.0,14.0,13.0
2024-02-12,8.053846153846154,13.0,25.22990909090909,33.0,18.41815939285714,28.0,50.61473762162162,37.0,2.2723958125,32.0,41.588,33.0,12.3,13.0
2024-02-13,8.046153846153846,13.0,28.54664705882353,34.0,18.244164035714284,28.0,51.67406848648649,37.0,2.3411459375,32.0,47.471,34.0,12.8,13.0
2024-02-14,8.96923076923077,13.0,31.2205,34.0,14.703234714285715,28.0,53.825102756756756,37.0,2.32799478125,32.0,51.824000000000005,34.0,13.3,13.0
2024-02-15,9.461538461538462,13.0,29.871000000000002,34.0,14.019431071428572,28.0,54.66790535135135,37.0,2.3592803125,32.0,44.706,34.0,15.8,13.0
2024-02-16,12.753846153846155,13.0,25.03829411764706,34.0,14.72873317857143,28.0,56.476013621621625,37.0,2.2076823125,32.0,43.882,34.0,21.0,13.0
2024-02-17,15.638461538461538,13.0,32.25952941176471,34.0,13.24750325,28.0,55.644594621621614,37.0,2.448046875,32.0,50.0,34.0,25.4,13.0
2024-02-18,7.238461538461538,13.0,30.010529411764704,34.0,8.641076142857143,28.0,56.72849097297297,37.0,2.577213625,32.0,44.588,34.0,11.6,13.0
2024-02-19,3.3307692307692305,13.0,27.160882352941176,34.0,7.38148125,28.0,55.76283781081081,37.0,3.555859375,32.0,36.471000000000004,34.0,9.0,13.0
2024-02-20,2.4,13.0,26.34291176470588,34.0,10.62330242857143,28.0,54.58457202702703,37.0,2.6039401875,32.0,38.705999999999996,34.0,6.8,13.0
2024-02-21,3.6923076923076925,13.0,26.1745,34.0,11.124893571428572,28.0,55.60191435135135,37.0,2.6054688125,32.0,36.471000000000004,34.0,6.9,13.0
2024-02-22,6.5,13.0,26.679235294117646,34.0,14.375130285714286,28.0,55.9792077027027,37.0,2.25655778125,32.0,43.588,34.0,11.0,13.0
2024-02-23,6.216666666666666,12.0,26.30285294117647,34.0,16.951591107142857,28.0,60.045382945945946,37.0,3.1216145,32.0,40.353,34.0,12.7,12.0
2024-02-24,6.8769230769230765,13.0,27.55194117647059,34.0,17.207211750000003,28.0,60.63063067567567,37.0,2.03164065625,32.0,45.824,34.0,14.9,13.0
2024-02-25,8.2,13.0,30.800382352941174,34.0,15.083642392857143,28.0,58.70675681081081,37.0,2.20234371875,32.0,48.940999999999995,34.0,16.9,13.0
2024-02-26,9.746153846153845,13.0,28.2425,34.0,16.85124192857143,28.0,56.764864837837834,37.0,2.33268225,32.0,40.235,34.0,19.9,13.0
2024-02-27,6.384615384615385,13.0,23.03288235294118,34.0,12.129266607142856,28.0,57.49205335135135,37.0,2.45441571875,32.0,41.647000000000006,34.0,11.8,13.0
2024-02-28,8.892307692307693,13.0,30.933529411764706,34.0,14.698840678571429,28.0,58.358896378378375,37.0,2.68587815625,32.0,44.882,34.0,15.7,13.0
2024-02-29,7.115384615384615,13.0,34.57351515151515,33.0,10.202305107142857,28.0,57.099099108108106,37.0,3.40429684375,32.0,46.529,33.0,11.1,13.0
2024-03-01,3.6839160769230768,13.0,34.64,34.0,7.931765928571429,28.0,56.400675648648644,37.0,4.0927083125,32.0,42.294,34.0,7.090909,13.0
2024-03-02,1.5916666666666668,12.0,34.701617647058825,34.0,4.864727714285714,28.0,54.86409908108108,37.0,5.10976565625,32.0,41.824,34.0,4.3,12.0
2024-03-03,3.0545454545454547,11.0,34.05185294117647,34.0,5.574049535714286,28.0,53.002927918918914,37.0,4.48281246875,32.0,44.235,34.0,5.2,11.0
2024-03-04,4.1499999999999995,12.0,29.581294117647058,34.0,10.370687464285714,28.0,54.00664413513513,37.0,3.26809903125,32.0,42.175999999999995,34.0,8.7,12.0
2024-03-05,5.298461538461538,13.0,33.10902941176471,34.0,11.328317714285715,28.0,55.20773908108108,37.0,3.0244215312500002,32.0,43.471000000000004,34.0,7.7,13.0
2024-03-06,3.715384615384615,13.0,28.89444117647059,34.0,9.529488357142856,28.0,53.45472978378378,37.0,3.18919271875,32.0,40.647000000000006,34.0,5.5,13.0
2024-03-07,3.9153846153846152,13.0,25.87470588235294,34.0,11.311331,28.0,53.06123989189189,37.0,2.89240059375,32.0,38.059000000000005,34.0,7.0,13.0
2024-03-08,6.023076923076923,13.0,25.886363636363637,33.0,13.815191607142856,28.0,56.05148443243243,37.0,3.04908853125,32.0,41.824,33.0,9.8,13.0
2024-03-09,8.846153846153847,13.0,31.040352941176472,34.0,14.247062249999999,28.0,56.92331075675676,37.0,2.44101565625,32.0,47.353,34.0,13.7,13.0
2024-03-10,7.746153846153846,13.0,36.29954545454545,33.0,12.061388857142857,28.0,57.35664410810811,37.0,2.69947915625,32.0,52.471,33.0,13.1,13.0
2024-03-11,5.084615384615384,13.0,34.95629411764706,34.0,10.732554535714286,28.0,56.14763510810811,37.0,3.59583328125,32.0,47.294000000000004,34.0,8.5,13.0
2024-03-12,5.6923076923076925,13.0,33.662406250000004,32.0,9.990162642857143,28.0,56.461797135135136,37.0,3.55559890625,32.0,44.5,32.0,12.2,13.0
2024-03-13,5.4692307692307685,13.0,34.80126470588235,34.0,8.985112214285715,28.0,58.36717859459459,37.0,3.81653640625,32.0,46.705999999999996,34.0,8.0,13.0
2024-03-14,4.461538461538462,13.0,38.12,34.0,6.012492714285714,28.0,56.60670562162162,37.0,6.98059896875,32.0,45.235,34.0,7.5,13.0
2024-03-15,2.838461538461538,13.0,29.438147058823528,34.0,9.01355125,28.0,53.95270275675676,37.0,3.4274739375,32.0,35.941,34.0,6.2,13.0
2024-03-16,5.2153846153846155,13.0,29.923852941176474,34.0,10.491052035714286,28.0,53.92027021621622,37.0,2.3807291250000002,32.0,39.059000000000005,34.0,7.8,13.0
2024-03-17,6.6,13.0,31.71458823529412,34.0,9.91137482142857,28.0,56.9436937027027,37.0,2.420833375,32.0,43.412,34.0,10.6,13.0
2024-03-18,7.607692307692308,13.0,29.41694117647059,34.0,15.201887178571429,28.0,59.123310648648655,37.0,2.6945311875,32.0,43.647,34.0,12.6,13.0
2024-03-19,7.223076923076923,13.0,34.713,34.0,15.319270035714286,28.0,61.09234235135135,37.0,2.7305989375,32.0,47.353,34.0,11.4,13.0
2024-03-20,9.899999999999999,13.0,40.3185294117647,34.0,14.639774392857143,28.0,61.82590089189189,37.0,2.7824219375,32.0,56.647000000000006,34.0,17.2,13.0
2024-03-21,10.107692307692307,13.0,38.59342424242425,33.0,11.568200035714286,28.0,61.890540648648646,37.0,2.88984378125,32.0,56.882000000000005,33.0,19.1,13.0
2024-03-22,9.73846153846154,13.0,41.903588235294116,34.0,12.4319635,28.0,61.651126162162164,37.0,3.06575521875,32.0,52.941,34.0,19.1,13.0
2024-03-23,4.338461538461538,13.0,38.159176470588235,34.0,5.282531035714285,28.0,56.06475227027027,37.0,4.9984375,32.0,45.176,34.0,7.7,13.0
2024-03-24,3.276923076923077,13.0,34.01732352941176,34.0,5.521234428571428,28.0,52.231644135135134,37.0,4.48567703125,32.0,45.647,34.0,6.8,13.0
2024-03-25,4.838461538461538,13.0,35.01670588235294,34.0,9.700495892857143,28.0,54.250000054054055,37.0,4.02031246875,32.0,45.294000000000004,34.0,7.8,13.0
2024-03-26,5.707692307692308,13.0,34.940588235294115,34.0,8.57809175,28.0,56.8600838918919,37.0,3.54783325,32.0,48.705999999999996,34.0,8.6,13.0
2024-03-27,8.2,13.0,40.28888235294118,34.0,12.669058964285714,28.0,58.59189178378379,37.0,2.9679686875,32.0,56.647000000000006,34.0,11.8,13.0
2024-03-28,6.930769230769231,13.0,36.832088235294115,34.0,11.030927214285715,28.0,58.44546478378378,37.0,3.81756628125,32.0,49.588,34.0,11.9,13.0
2024-03-29,4.492307692307692,13.0,43.30555882352941,34.0,7.083233555555556,27.0,55.29493243243243,37.0,4.65559896875,32.0,48.882000000000005,34.0,7.6,13.0
2024-03-30,2.6846153846153844,13.0,37.657411764705884,34.0,5.032808777777778,27.0,49.419707243243245,37.0,4.17304690625,32.0,46.940999999999995,34.0,5.3,13.0
2024-03-31,2.853846153846154,13.0,33.42102941176471,34.0,5.537522481481481,27.0,50.40360356756757,37.0,3.09830721875,32.0,45.412,34.0,5.6,13.0
2024-04-01,4.861538461538462,13.0,32.882333333333335,33.0,11.105877037037036,27.0,56.38603613513513,37.0,3.0014323125,32.0,44.471,33.0,9.0,13.0
2024-04-02,6.364102538461538,13.0,33.79657575757576,33.0,13.712343,27.0,61.753040540540546,37.0,3.00742190625,32.0,47.882,33.0,9.6,13.0
2024-04-03,7.316666666666666,12.0,41.6090606060606,33.0,13.804481285714285,28.0,62.827364783783786,37.0,3.20755209375,32.0,61.235,33.0,12.2,12.0
2024-04-04,4.933333333333334,12.0,39.47360606060606,33.0,7.04474375,28.0,55.51796983783783,37.0,4.83039775,32.0,49.588,33.0,7.6,12.0
2024-04-05,3.06875,12.0,37.934666666666665,33.0,6.950185925925926,27.0,47.939213675675674,37.0,4.96575525,32.0,46.176,33.0,8.725,12.0
2024-04-06,4.954545454545454,11.0,35.784333333333336,33.0,8.90788757142857,28.0,51.52635135135135,37.0,2.8247395625,32.0,48.824,33.0,8.0,11.0
2024-04-07,6.827272727272727,11.0,39.638030303030305,33.0,10.239732142857141,28.0,54.18727475675676,37.0,3.1384114375,32.0,54.940999999999995,33.0,12.7,11.0
2024-04-08,6.166666666666667,12.0,38.87881818181818,33.0,11.449112678571428,28.0,58.13243240540541,37.0,4.0680989375,32.0,52.176,33.0,9.9,12.0
2024-04-09,5.247337307692307,13.0,38.59942424242424,33.0,14.030527035714286,28.0,64.70777029729729,37.0,3.66031475,32.0,51.941,33.0,9.0,13.0
2024-04-10,7.992307692307692,13.0,39.2780303030303,33.0,17.795202285714286,28.0,67.30968464864866,37.0,2.745703125,32.0,55.471,33.0,12.9,13.0
2024-04-11,10.984615384615385,13.0,46.74966666666667,33.0,16.707782464285714,28.0,68.2372747027027,37.0,2.8774739375,32.0,63.58800000000001,33.0,18.4,13.0
2024-04-12,11.684615384615386,13.0,47.98436363636363,33.0,9.582533392857142,28.0,60.59020272972973,37.0,4.1897135625,32.0,61.059000000000005,33.0,22.0,13.0
2024-04-13,5.384615384615385,13.0,45.82127272727273,33.0,4.47040375,28.0,56.00856821621621,37.0,4.69378725,32.0,53.529,33.0,8.7,13.0
2024-04-14,3.6076923076923078,13.0,38.29063636363636,33.0,6.892583035714286,28.0,51.39163232432432,37.0,3.760026125,32.0,49.471000000000004,33.0,6.7,13.0
2024-04-15,5.038461538461538,13.0,39.20872727272727,33.0,10.452314071428571,28.0,57.24136637837837,37.0,2.86224828125,32.0,55.199999999999996,33.0,9.5,13.0
2024-04-16,6.938461538461539,13.0,43.09978787878788,33.0,15.174760607142858,28.0,64.98006848648649,37.0,2.678821,32.0,62.333,33.0,10.7,13.0
2024-04-17,7.507692307692308,13.0,46.41178787878788,33.0,14.913104964285713,28.0,67.30993037837838,37.0,3.09948709375,32.0,71.0,33.0,12.1,13.0
2024-04-18,8.884615384615385,13.0,47.584303030303026,33.0,12.416897035714285,28.0,65.71385127027028,37.0,3.3897135,32.0,64.118,33.0,16.5,13.0
2024-04-19,10.363461538461538,13.0,46.092696969696966,33.0,7.998397428571429,28.0,63.59110362162162,37.0,3.6247395625000003,32.0,56.940999999999995,33.0,16.6,13.0
2024-04-20,12.016666666666666,12.0,46.364,32.0,8.308319535714286,28.0,65.36137383783785,37.0,2.905859375,32.0,61.705999999999996,32.0,18.0,12.0
2024-04-21,13.525,12.0,51.01963636363636,33.0,9.593462964285715,28.0,68.70382881081082,37.0,3.31471353125,32.0,62.88199999999999,33.0,27.7,12.0
2024-04-22,12.666666666666666,12.0,50.167545454545454,33.0,9.31597626923077,26.0,66.05462694594594,37.0,3.71041665625,32.0,67.471,33.0,25.7,12.0
2024-04-23,6.4650887692307695,13.0,41.065125,32.0,8.204009714285714,28.0,62.89843370270271,37.0,4.33048059375,32.0,52.235,32.0,17.9,13.0
2024-04-24,8.023076923076923,13.0,41.028060606060606,33.0,7.857134857142857,28.0,61.13108105405406,37.0,4.7717448125,32.0,50.412,33.0,25.3,13.0
2024-04-25,5.261538461538462,13.0,37.8870303030303,33.0,6.508103892857143,28.0,58.872635162162155,37.0,5.43242184375,32.0,47.059,33.0,18.0,13.0
2024-04-26,6.6923076923076925,13.0,33.553,33.0,6.7441571428571425,28.0,58.71790543243243,37.0,5.0375000625,32.0,47.412000000000006,33.0,16.7,13.0
2024-04-27,6.592307692307693,13.0,35.687999999999995,33.0,6.364058857142857,28.0,61.62789355555555,36.0,4.048118322580645,31.0,49.059,33.0,9.8,13.0
2024-04-28,7.976923076923077,13.0,39.435,33.0,8.511311357142857,28.0,64.64594902777777,36.0,3.021908548387097,31.0,55.176,33.0,11.8,13.0
2024-04-29,10.73076923076923,13.0,42.89909090909091,33.0,11.528527964285715,28.0,67.26354163888888,36.0,3.247849419354839,31.0,62.88199999999999,33.0,17.0,13.0
2024-04-30,10.430769230769231,13.0,48.15721875,32.0,9.542199964285714,28.0,66.79935519444444,36.0,3.6912059032258067,31.0,65.41199999999999,32.0,14.8,13.0
2024-05-01,10.941025615384614,13.0,44.210187499999996,32.0,7.451317892857142,28.0,66.10092594444444,36.0,3.957795677419355,31.0,59.176,32.0,15.4,13.0
2024-05-02,12.575000000000001,12.0,48.688272727272725,33.0,9.650647148148149,27.0,65.5138083611111,36.0,3.3585437419354838,31.0,62.940999999999995,33.0,17.1,12.0
2024-05-03,11.066666666666668,12.0,49.032030303030304,33.0,8.564517037037037,27.0,65.5520833611111,36.0,3.575403225806452,31.0,63.940999999999995,33.0,14.9,12.0
2024-05-04,9.491666666666667,12.0,38.02766666666667,33.0,5.566816666666666,27.0,61.94502313888889,36.0,4.724596806451613,31.0,49.647,33.0,13.4,12.0
2024-05-05,3.685,12.0,41.3520625,32.0,3.6123991481481483,27.0,57.990393499999996,36.0,5.525645064516129,31.0,56.059,32.0,6.9,12.0
2024-05-06,6.208333333333333,12.0,38.411151515151516,33.0,9.485308925925926,27.0,61.76167569444445,36.0,3.399193548387097,31.0,52.765,33.0,11.4,12.0
2024-05-07,7.441558384615385,13.0,46.708333333333336,33.0,11.177872962962963,27.0,64.90839641666668,36.0,3.658321129032258,31.0,62.88199999999999,33.0,11.185714,13.0
2024-05-08,9.066666666666666,12.0,44.18718181818181,33.0,8.664159481481482,27.0,64.81288519444445,36.0,3.8019986774193546,31.0,53.199999999999996,33.0,13.6,12.0
2024-05-09,8.958333333333334,12.0,39.77824242424242,33.0,8.06980148148148,27.0,65.33303727777778,36.0,3.4673788064516127,31.0,46.529,33.0,15.1,12.0
2024-05-10,11.4424935,12.0,42.301,33.0,9.399790407407407,27.0,66.08009255555555,36.0,3.6576612903225807,31.0,51.941,33.0,19.6,12.0
2024-05-11,10.136363636363637,11.0,44.9724375,32.0,7.253347555555556,27.0,67.40150469444444,36.0,3.9373656129032257,31.0,58.941,32.0,17.7,11.0
2024-05-12,10.30909090909091,11.0,51.25184375,32.0,6.2929098148148155,27.0,69.48229166666667,36.0,3.552688129032258,31.0,70.529,32.0,18.2,11.0
2024-05-13,9.290909090909091,11.0,46.1710625,32.0,8.327255,27.0,68.5881945,36.0,3.9877687741935484,31.0,64.471,32.0,20.2,11.0
2024-05-14,8.341666666666667,12.0,48.654806451612906,31.0,7.9675913703703705,27.0,67.44250225,36.0,4.009124064516129,31.0,66.05900000000001,31.0,15.0,12.0
2024-05-15,8.866666666666667,12.0,43.700125,32.0,8.124710962962963,27.0,66.36435183333333,36.0,4.07150535483871,31.0,62.64699999999999,32.0,21.0,12.0
2024-05-16,8.159763307692307,13.0,44.58859375,32.0,9.001707111111111,27.0,67.64311866666667,36.0,3.9091413548387095,31.0,62.765,32.0,22.2,13.0
2024-05-17,9.384615384615385,13.0,43.68228125,32.0,8.968770333333334,27.0,67.57974527777777,36.0,3.7262097419354836,31.0,59.117999999999995,32.0,26.6,13.0
2024-05-18,9.833333333333334,12.0,47.18640625,32.0,7.459152333333333,27.0,67.43962861111112,36.0,4.111635129032258,31.0,68.059,32.0,33.5,12.0
2024-05-19,8.174999999999999,12.0,48.47425,32.0,5.057099851851852,27.0,66.55219902777777,36.0,4.332795677419354,31.0,64.88199999999999,32.0,22.3,12.0
2024-05-20,7.122485230769231,13.0,43.9166875,32.0,6.969671296296296,27.0,63.73587963888888,36.0,4.345161322580645,31.0,57.0,32.0,14.4,13.0
2024-05-21,9.138461538461538,13.0,45.55690625,32.0,8.871412407407407,27.0,65.64442341666667,36.0,3.9027109032258065,31.0,59.5,32.0,12.6,13.0
2024-05-22,11.584615384615384,13.0,51.744787878787875,33.0,9.023177148148148,27.0,65.87769622222223,36.0,4.086957612903226,31.0,66.41199999999999,33.0,17.7,13.0
2024-05-23,9.13076923076923,13.0,43.61588235294118,34.0,7.209499214285714,28.0,65.25925930555555,36.0,4.3185215161290325,31.0,56.940999999999995,34.0,12.7,13.0
2024-05-24,9.938461538461537,13.0,40.171058823529414,34.0,8.102917321428572,28.0,63.35326583783783,37.0,4.55390621875,32.0,50.824,34.0,17.4,13.0
2024-05-25,6.130769230769231,13.0,34.84261764705882,34.0,4.773533714285714,28.0,63.0632882972973,37.0,4.55273440625,32.0,51.117999999999995,34.0,11.2,13.0
2024-05-26,5.992307692307692,13.0,37.06232352941177,34.0,5.107985214285714,28.0,65.76182432432432,37.0,3.4625,32.0,54.118,34.0,8.9,13.0
2024-05-27,8.607692307692307,13.0,42.99305882352941,34.0,7.405896928571429,28.0,68.1391891891892,37.0,3.639322875,32.0,55.235,34.0,14.2,13.0
2024-05-28,10.773303153846154,13.0,45.654411764705884,34.0,9.419312107142858,28.0,68.62976043243243,37.0,3.886903375,32.0,63.529,34.0,18.5,13.0
2024-05-29,9.592307692307692,13.0,44.64982352941177,34.0,8.385662535714285,28.0,69.28702591891893,37.0,3.71302078125,32.0,63.58800000000001,34.0,17.9,13.0
2024-05-30,11.13076923076923,13.0,50.628,34.0,10.102557964285714,28.0,71.31537062162162,37.0,3.7841089375,32.0,82.643,34.0,18.5,13.0
2024-05-31,12.153846153846153,13.0,53.21394117647059,34.0,9.331951285714286,28.0,70.38389632432431,37.0,4.0171875,32.0,70.647,34.0,20.2,13.0
2024-06-01,9.507692307692308,13.0,51.87717647058824,34.0,6.22586525,28.0,69.24673424324324,37.0,3.9825520625,32.0,68.706,34.0,16.3,13.0
2024-06-02,8.461538461538462,13.0,41.03461764705882,34.0,5.267322,28.0,67.92759005405405,37.0,3.7259115937500003,32.0,52.294,34.0,12.7,13.0
2024-06-03,9.592307692307692,13.0,41.34944117647059,34.0,9.454490821428573,28.0,69.42762435135135,37.0,3.4685484516129033,31.0,61.647,34.0,15.0,13.0
2024-06-04,10.86153846153846,13.0,45.46820588235295,34.0,9.838092821428571,28.0,73.05595824324324,37.0,3.1665322903225803,31.0,73.412,34.0,18.5,13.0
2024-06-05,10.946153846153846,13.0,48.72217647058824,34.0,10.285273,28.0,76.01925678378379,37.0,3.438978516129032,31.0,83.412,34.0,21.5,13.0
2024-06-06,11.937179461538461,13.0,52.70582352941177,34.0,10.744016357142856,28.0,76.9621942972973,37.0,3.7522304375,32.0,80.706,34.0,18.3,13.0
2024-06-07,8.541666666666666,12.0,44.06561764705882,34.0,7.930957642857143,28.0,73.94705256756757,37.0,4.0622735625,32.0,69.824,34.0,12.9,12.0
2024-06-08,6.758333333333333,12.0,39.792352941176475,34.0,5.498714857142857,28.0,72.24340699999999,37.0,4.37105825,32.0,59.765,34.0,12.1,12.0
2024-06-09,5.108333333333333,12.0,38.313147058823525,34.0,5.050667607142857,28.0,70.95945943243244,37.0,3.9665364375,32.0,58.294,34.0,8.0,12.0
2024-06-10,8.824175846153846,13.0,43.71108823529412,34.0,9.322250285714286,28.0,72.30822078378378,37.0,3.29583334375,32.0,66.706,34.0,14.5,13.0
2024-06-11,10.069230769230769,13.0,45.90473529411764,34.0,9.879709571428572,28.0,73.43709783783784,37.0,3.59742734375,32.0,70.059,34.0,16.4,13.0
2024-06-12,8.384615384615385,13.0,46.44644117647059,34.0,9.080614964285713,28.0,74.73188518918919,37.0,3.57057290625,32.0,71.588,34.0,15.0,13.0
2024-06-13,9.046153846153846,13.0,44.01685294117647,34.0,9.695634285714286,28.0,73.45513927027028,37.0,4.00363403125,32.0,64.0,34.0,20.1,13.0
2024-06-14,9.947058846153848,13.0,53.09706060606061,33.0,10.791973714285716,28.0,77.02567567567567,37.0,3.423280125,32.0,87.647,33.0,15.8,13.0
2024-06-15,11.876923076923077,13.0,54.08909090909091,33.0,10.624368892857143,28.0,79.06092354054054,37.0,3.61692703125,32.0,80.05900000000001,33.0,20.6,13.0
2024-06-16,14.515384615384615,13.0,49.41,33.0,6.360409607142857,28.0,74.95349102702703,37.0,4.06901040625,32.0,68.118,33.0,19.8,13.0
2024-06-17,15.661538461538461,13.0,45.400969696969696,33.0,6.069453392857143,28.0,70.85518016216216,37.0,4.6576822812500005,32.0,62.176,33.0,23.7,13.0
2024-06-18,13.899999999999999,13.0,48.71194117647059,34.0,7.5703390357142855,28.0,72.06956032432431,37.0,4.116276,32.0,65.41199999999999,34.0,19.2,13.0
2024-06-19,13.615384615384615,13.0,49.063,34.0,8.1081685,28.0,72.54805802702703,37.0,3.9106770625,32.0,70.353,34.0,21.4,13.0
2024-06-20,12.430769230769231,13.0,49.02473529411765,34.0,10.548184607142858,28.0,74.51407662162161,37.0,3.7268415,32.0,71.059,34.0,18.8,13.0
2024-06-21,11.984615384615385,13.0,53.30464705882353,34.0,13.062950357142856,28.0,77.96177308108108,37.0,3.30112453125,32.0,80.529,34.0,19.6,13.0
2024-06-22,12.207692307692307,13.0,50.1765,34.0,12.628101928571429,28.0,82.48659910810811,37.0,3.0902343125,32.0,68.176,34.0,19.6,13.0
2024-06-23,9.138461538461538,13.0,50.32179411764706,34.0,10.163313777777777,27.0,85.01261259459459,37.0,3.6346354375,32.0,71.824,34.0,16.5,13.0
2024-06-24,7.838461538461539,13.0,49.54494117647059,34.0,10.26518574074074,27.0,83.86565321621622,37.0,3.7080728125,32.0,81.235,34.0,11.2,13.0
2024-06-25,9.475961538461538,13.0,42.99345454545455,33.0,10.259359074074075,27.0,81.63606048648649,37.0,4.06680259375,32.0,68.412,33.0,14.5,13.0
2024-06-26,10.508333333333335,12.0,45.27529411764706,34.0,9.234636814814815,27.0,79.79646075675676,37.0,3.92513025,32.0,75.70599999999999,34.0,14.3,12.0
2024-06-27,10.091666666666667,12.0,47.461970588235296,34.0,8.851949481481482,27.0,79.11644145945945,37.0,4.0604995625,32.0,74.882,34.0,13.7,12.0
2024-06-28,10.289940846153845,13.0,45.09838235294118,34.0,8.457046333333333,27.0,77.64048672972973,37.0,4.13902853125,32.0,71.882,34.0,14.4,13.0
2024-06-29,10.084615384615384,13.0,47.68520588235294,34.0,8.430953333333333,27.0,78.34414408108108,37.0,3.44856765625,32.0,67.765,34.0,16.5,13.0
2024-06-30,10.8,13.0,51.92905882352941,34.0,9.668238555555556,27.0,80.62049554054053,37.0,3.39466146875,32.0,63.412,34.0,16.7,13.0
2024-07-01,8.846153846153847,13.0,47.91347058823529,34.0,9.753607407407408,27.0,79.73963962162162,37.0,3.696484375,32.0,62.88199999999999,34.0,14.1,13.0
2024-07-02,10.03076923076923,13.0,53.79842424242424,33.0,10.68540662962963,27.0,80.21351354054055,37.0,3.38906253125,32.0,87.824,33.0,16.6,13.0
2024-07-03,12.007692307692308,13.0,52.87182352941176,34.0,13.370691925925927,27.0,83.13294910810811,37.0,3.638550838709677,31.0,90.176,34.0,19.3,13.0
2024-07-04,22.200000000000003,13.0,52.83738235294118,34.0,9.063794333333332,27.0,82.73040537837838,37.0,3.518279580645161,31.0,88.118,34.0,44.1,13.0
2024-07-05,34.80769230769231,13.0,54.08479411764706,34.0,11.024591370370372,27.0,85.9333332972973,37.0,3.209274193548387,31.0,88.412,34.0,132.6,13.0
2024-07-06,11.753846153846155,13.0,47.621117647058824,34.0,7.846097111111112,27.0,83.77995497297297,37.0,3.7067203548387098,31.0,75.059,34.0,18.4,13.0
2024-07-07,10.553846153846154,13.0,48.31482352941176,34.0,6.422042071428572,28.0,83.53513513513514,37.0,3.8459677741935483,31.0,68.176,34.0,15.5,13.0
2024-07-08,11.992307692307692,13.0,52.83564705882353,34.0,10.526681535714285,28.0,83.6193692972973,37.0,3.783198935483871,31.0,96.29400000000001,34.0,20.2,13.0
2024-07-09,14.784615384615384,13.0,57.00026470588235,34.0,12.696455178571428,28.0,84.3252635135135,37.0,3.384103064516129,31.0,98.471,34.0,23.8,13.0
2024-07-10,14.673846153846153,13.0,57.19194117647059,34.0,14.553629214285715,28.0,85.22470308108109,37.0,3.2990835161290324,31.0,92.941,34.0,25.4,13.0
2024-07-11,13.053846153846154,13.0,58.720323529411765,34.0,12.511350250000001,28.0,84.0236112972973,37.0,3.253396838709677,31.0,94.0,34.0,18.3,13.0
2024-07-12,13.215384615384616,13.0,50.680323529411766,34.0,11.554073678571429,28.0,81.62717256756757,37.0,3.3232037096774194,31.0,97.824,34.0,18.8,13.0
2024-07-13,12.038461538461538,13.0,46.79117647058824,34.0,9.395400464285714,28.0,81.00636577777777,36.0,3.484677387096774,31.0,70.647,34.0,16.9,13.0
2024-07-14,11.115384615384615,13.0,46.03105882352941,34.0,8.015195642857142,28.0,80.34178241666666,36.0,3.537634483870968,31.0,61.0,34.0,14.4,13.0
2024-07-15,10.015384615384615,13.0,47.59055882352941,34.0,10.045964464285715,28.0,80.60995375,36.0,3.609543,31.0,70.0,34.0,13.8,13.0
2024-07-16,9.28076923076923,13.0,48.19839393939394,33.0,9.964629071428572,28.0,80.46018008333334,36.0,3.65812496875,32.0,68.412,33.0,13.0,13.0
2024-07-17,9.11875,12.0,53.11578787878788,33.0,10.487126851851851,27.0,81.19781697142857,35.0,3.4227866774193547,31.0,84.647,33.0,12.9,12.0
2024-07-18,9.677451,12.0,50.85818181818182,33.0,10.325055296296297,27.0,82.43354551428571,35.0,3.6424730967741934,31.0,78.941,33.0,16.6,12.0
2024-07-19,11.766666666666666,12.0,52.79948484848485,33.0,12.713918074074073,27.0,83.79428571428572,35.0,3.5110215483870966,31.0,74.412,33.0,26.9,12.0
2024-07-20,9.925,12.0,50.47060606060606,33.0,12.054103814814814,27.0,86.15869048571427,35.0,3.4430106774193545,31.0,70.471,33.0,18.8,12.0
2024-07-21,9.916666666666666,12.0,45.65418181818182,33.0,8.96339062962963,27.0,84.6627380857143,35.0,3.5159946451612902,31.0,67.882,33.0,14.5,12.0
2024-07-22,11.266666666666666,12.0,50.108060606060604,33.0,11.982197407407407,27.0,84.98801757142857,35.0,3.325134516129032,31.0,81.235,33.0,16.7,12.0
2024-07-23,10.491666666666667,12.0,49.995666666666665,33.0,11.90232714814815,27.0,85.68000988888889,36.0,3.290591451612903,31.0,86.941,33.0,14.2,12.0
2024-07-24,11.4,12.0,52.313212121212125,33.0,12.980845148148148,27.0,86.43634869444445,36.0,3.3626727741935487,31.0,90.529,33.0,16.3,12.0
2024-07-25,12.775898750000001,12.0,51.757970588235295,34.0,12.618733214285713,28.0,87.12280094444445,36.0,3.4404569677419357,31.0,77.471,34.0,20.0,12.0
2024-07-26,10.116666666666667,12.0,42.47285294117647,34.0,11.453717464285715,28.0,84.56204954054054,37.0,4.02000003125,32.0,60.824000000000005,34.0,15.8,12.0
2024-07-27,9.741666666666665,12.0,41.44297058823529,34.0,8.508139285714286,28.0,79.79087835135135,37.0,4.14049478125,32.0,54.765,34.0,16.2,12.0
2024-07-28,8.2,12.0,41.27332352941176,34.0,8.180421785714286,28.0,77.97567562162162,37.0,3.67434890625,32.0,59.117999999999995,34.0,13.7,12.0
2024-07-29,7.338461538461539,13.0,44.84914705882353,34.0,12.246003428571429,28.0,78.50259008108108,37.0,3.540364625,32.0,67.882,34.0,13.3,13.0
2024-07-30,8.838461538461539,13.0,49.73312121212121,33.0,13.271148392857143,28.0,78.59313067567568,37.0,3.4151040625,32.0,74.412,33.0,13.4,13.0
2024-07-31,10.01367523076923,13.0,50.04026470588235,34.0,14.295506035714286,28.0,79.57894151351351,37.0,3.233203125,32.0,82.64699999999999,34.0,15.1,13.0
2024-08-01,10.223076923076924,13.0,45.33411764705882,34.0,15.46996392857143,28.0,80.56428708108109,37.0,2.89609940625,32.0,59.941,34.0,17.4,13.0
2024-08-02,10.723076923076924,13.0,51.69361764705882,34.0,14.995729857142859,28.0,84.46722967567568,37.0,3.1929688125,32.0,70.412,34.0,16.1,13.0
2024-08-03,9.761538461538462,13.0,49.554,34.0,12.345903892857143,28.0,85.62815316216215,37.0,3.36054684375,32.0,70.765,34.0,15.0,13.0
2024-08-04,8.857918538461538,13.0,47.945323529411766,34.0,10.2060015,28.0,86.29166664864866,37.0,3.26796878125,32.0,66.29400000000001,34.0,14.4,13.0
2024-08-05,10.63076923076923,13.0,48.497764705882354,34.0,14.080718892857144,28.0,87.31914418918919,37.0,3.221484375,32.0,67.765,34.0,15.6,13.0
2024-08-06,11.284615384615384,13.0,49.12505882352941,34.0,12.894519035714286,28.0,85.41362608108108,37.0,3.5022135312500002,32.0,81.471,34.0,15.7,13.0
2024-08-07,11.146153846153847,13.0,41.23230303030303,33.0,9.740499892857143,28.0,81.94752264864864,37.0,3.875651125,32.0,64.765,33.0,16.5,13.0
2024-08-08,10.438461538461537,13.0,46.22411764705882,34.0,9.919354464285714,28.0,81.37303437837838,37.0,3.618866,32.0,74.647,34.0,15.8,13.0
2024-08-09,10.692307692307692,13.0,51.1691875,32.0,11.268227285714286,28.0,81.93828832432432,37.0,3.3222656875,32.0,79.118,32.0,16.0,13.0
2024-08-10,12.46923076923077,13.0,53.93203125,32.0,10.536744785714287,28.0,84.01362613513514,37.0,3.47057296875,32.0,77.64699999999999,32.0,19.8,13.0
2024-08-11,12.36923076923077,13.0,44.06071875,32.0,8.867067821428572,28.0,83.03434681081082,37.0,3.88619790625,32.0,61.647,32.0,19.0,13.0
2024-08-12,10.161538461538461,13.0,38.175363636363635,33.0,11.181705285714285,28.0,82.11204954054054,37.0,3.63164065625,32.0,53.824,33.0,14.3,13.0
2024-08-13,9.076923076923077,13.0,40.7175,34.0,10.658047821428571,28.0,80.98952702702704,37.0,3.57747396875,32.0,57.528999999999996,34.0,15.1,13.0
2024-08-14,9.653846153846153,13.0,42.8365,34.0,12.066980749999999,28.0,80.51846935135136,37.0,3.2947086875,32.0,63.765,34.0,16.3,13.0
2024-08-15,9.692307692307692,13.0,45.57970588235294,34.0,13.20029825,28.0,81.25845616216216,37.0,3.02328359375,32.0,75.882,34.0,17.5,13.0
2024-08-16,9.476923076923077,13.0,47.891852941176474,34.0,11.965314642857143,28.0,81.38851348648649,37.0,3.44830721875,32.0,76.41199999999999,34.0,15.0,13.0
2024-08-17,9.86923076923077,13.0,40.0675,34.0,6.492918892857142,28.0,78.86137383783785,37.0,3.86054696875,32.0,60.294,34.0,18.5,13.0
2024-08-18,9.315384615384614,13.0,41.32355882352941,34.0,7.462357107142857,28.0,78.78828824324324,37.0,3.362239625,32.0,70.529,34.0,15.0,13.0
2024-08-19,8.938461538461539,13.0,47.55535294117647,34.0,13.678476142857141,28.0,82.30270262162162,37.0,3.02656246875,32.0,78.765,34.0,14.0,13.0
2024-08-20,8.346153846153847,13.0,50.03626470588235,34.0,16.565559107142857,28.0,84.42387389189189,37.0,3.0739583437499998,32.0,72.47099999999999,34.0,12.5,13.0
2024-08-21,8.9,13.0,49.33635294117647,34.0,14.155734678571429,28.0,81.91576575675677,37.0,3.4579545625,32.0,67.765,34.0,14.9,13.0
2024-08-22,8.438461538461539,13.0,41.72532352941177,34.0,9.805336642857142,28.0,77.91768008108107,37.0,3.70664059375,32.0,54.471,34.0,14.2,13.0
2024-08-23,6.899038461538462,13.0,40.73581818181818,33.0,8.535139321428572,28.0,73.93134729729731,37.0,3.80814396875,32.0,63.175999999999995,33.0,10.7,13.0
2024-08-24,7.416666666666667,12.0,41.859212121212124,33.0,7.577336148148148,27.0,72.57106483333332,36.0,3.6774193225806453,31.0,55.529,33.0,11.6,12.0
2024-08-25,8.633333333333333,12.0,42.61142424242424,33.0,7.241722259259259,27.0,73.92476852777777,36.0,3.0611559677419353,31.0,56.412,33.0,12.1,12.0
2024-08-26,9.658333333333333,12.0,44.32260606060606,33.0,13.397052629629629,27.0,77.65127313888888,36.0,3.1200269032258063,31.0,69.412,33.0,14.8,12.0
2024-08-27,10.424999999999999,12.0,47.915424242424244,33.0,13.344340740740742,27.0,78.73784716666665,36.0,3.2522850322580643,31.0,81.29400000000001,33.0,16.0,12.0
2024-08-28,10.975,12.0,47.49166666666667,33.0,11.463686851851852,27.0,77.12824077777778,36.0,3.685618322580645,31.0,72.706,33.0,17.5,12.0
2024-08-29,11.841666666666667,12.0,48.03518181818182,33.0,11.629558555555557,27.0,76.46519855555556,36.0,3.3014785161290323,31.0,74.235,33.0,17.7,12.0
2024-08-30,11.595384615384615,13.0,44.89347058823529,34.0,13.033037821428573,28.0,76.7641891891892,37.0,3.0279761875,32.0,74.47099999999999,34.0,18.9,13.0
2024-08-31,11.892307692307693,13.0,50.46720588235294,34.0,11.853811964285715,28.0,80.23136575,36.0,2.803360258064516,31.0,74.765,34.0,19.1,13.0
2024-09-01,11.538461538461538,13.0,49.71973529411765,34.0,9.330129,28.0,81.52268516666668,36.0,3.144354838709677,31.0,67.29400000000001,34.0,19.1,13.0
2024-09-02,12.723076923076924,13.0,50.06917647058824,34.0,8.605621785714286,28.0,82.50300925,36.0,3.0916667096774195,31.0,64.118,34.0,19.5,13.0
2024-09-03,12.376923076923077,13.0,45.37323529411765,34.0,13.706071821428571,28.0,83.546875,36.0,3.064516258064516,31.0,71.706,34.0,18.3,13.0
2024-09-04,10.330769230769231,13.0,45.38047058823529,34.0,16.287532607142857,28.0,86.77834002777779,36.0,2.8742895161290325,31.0,70.765,34.0,15.2,13.0
2024-09-05,10.8,13.0,48.69914705882353,34.0,18.827221714285713,28.0,91.1053241111111,36.0,2.913575290322581,31.0,73.0,34.0,15.8,13.0
2024-09-06,13.470135769230769,13.0,49.1904705882353,34.0,18.426195925925928,27.0,91.36694354054055,37.0,2.829276875,32.0,61.059000000000005,34.0,19.8,13.0
2024-09-07,17.833333333333332,12.0,50.12412121212121,33.0,14.290238346153846,26.0,88.78309194594594,37.0,2.55518975,32.0,79.765,33.0,32.1,12.0
2024-09-08,27.183333333333334,12.0,41.18178787878788,33.0,15.417893692307691,26.0,89.39409716666665,36.0,2.6151881935483874,31.0,63.824000000000005,33.0,57.6,12.0
2024-09-09,31.825,12.0,43.48418181818182,33.0,18.36041511111111,27.0,89.17488425,36.0,2.996236612903226,31.0,60.235,33.0,85.9,12.0
2024-09-10,19.8,12.0,40.429575757575755,33.0,16.438840703703704,27.0,83.55763888888889,36.0,3.2877687741935486,31.0,62.471,33.0,86.2,12.0
2024-09-11,40.7,12.0,40.566242424242425,33.0,11.027607481481482,27.0,74.68024886111111,36.0,3.7224695806451615,31.0,58.882,33.0,372.1,12.0
2024-09-12,13.740109923076922,13.0,41.32030303030303,33.0,8.238006607142857,28.0,71.59200497222223,36.0,3.5609070625,32.0,60.117999999999995,33.0,39.4,13.0
2024-09-13,13.13846153846154,13.0,47.22582352941176,34.0,9.234268607142857,28.0,72.79557062162162,37.0,3.4065105,32.0,70.824,34.0,20.9,13.0
2024-09-14,19.884615384615383,13.0,51.679941176470585,34.0,7.780828821428571,28.0,72.25585586486487,37.0,3.4826823125,32.0,79.118,34.0,94.8,13.0
2024-09-15,15.069230769230767,13.0,47.96544117647059,34.0,5.551339785714285,28.0,70.00335644444445,36.0,3.804301064516129,31.0,58.647,34.0,68.1,13.0
2024-09-16,7.607692307692308,13.0,35.13676470588236,34.0,6.3096605,28.0,65.7841435,36.0,4.981048387096774,31.0,46.118,34.0,24.5,13.0
2024-09-17,6.153846153846154,13.0,34.87232352941176,34.0,8.789687074074074,27.0,65.43410118918919,37.0,3.2340199375,32.0,49.175999999999995,34.0,8.8,13.0
2024-09-18,8.923076923076923,13.0,41.30105882352941,34.0,11.339709703703704,27.0,66.99646005405405,37.0,3.197265625,32.0,61.647,34.0,13.6,13.0
2024-09-19,7.476923076923077,13.0,38.68808823529412,34.0,8.597783592592592,27.0,67.3247425945946,37.0,3.39531246875,32.0,54.294000000000004,34.0,12.1,13.0
2024-09-20,7.446153846153846,13.0,35.46876470588236,34.0,9.942884666666666,27.0,66.7061937027027,37.0,3.489453125,32.0,52.882,34.0,10.6,13.0
2024-09-21,9.541666666666666,12.0,42.83394117647059,34.0,9.290656037037037,27.0,69.49797302702703,37.0,2.52734375,32.0,60.471,34.0,14.1,12.0
2024-09-22,11.5,12.0,47.1575,34.0,10.70093874074074,27.0,73.3105855945946,37.0,2.58593753125,32.0,67.412,34.0,20.0,12.0
2024-09-23,11.608333333333334,12.0,42.4585,34.0,15.523610518518517,27.0,76.0381757027027,37.0,2.78528653125,32.0,58.824,34.0,21.3,12.0
2024-09-24,10.613986,13.0,45.320764705882354,34.0,13.965022814814814,27.0,75.51586813513514,37.0,3.08262315625,32.0,72.588,34.0,21.5,13.0
2024-09-25,11.96923076923077,13.0,42.358441176470585,34.0,13.368834481481482,27.0,73.89756348648648,37.0,3.22676375,32.0,83.588,34.0,24.1,13.0
2024-09-26,10.36153846153846,13.0,42.76514705882353,34.0,15.561125571428573,28.0,73.88901513513514,37.0,3.02523675,32.0,76.58800000000001,34.0,16.5,13.0
2024-09-27,12.2,13.0,43.23081818181818,33.0,16.14207167857143,28.0,74.23986489189188,37.0,3.00755209375,32.0,83.52900000000001,33.0,20.2,13.0
2024-09-28,14.96923076923077,13.0,46.26441176470588,34.0,13.223003250000001,28.0,74.4656327027027,37.0,3.14132340625,32.0,66.52900000000001,34.0,45.4,13.0
2024-09-29,12.992307692307692,13.0,41.648848484848486,33.0,12.342168964285715,28.0,74.46970721621622,37.0,2.903255125,32.0,60.824000000000005,33.0,30.9,13.0
2024-09-30,15.569230769230769,13.0,42.17988235294118,34.0,19.498533678571427,28.0,76.42612605405405,37.0,2.4361979375,32.0,66.765,34.0,24.6,13.0
2024-10-01,13.007692307692308,13.0,41.53894117647059,34.0,20.342751928571428,28.0,80.29412945945947,37.0,2.5371376875,32.0,66.176,34.0,24.0,13.0
2024-10-02,11.923076923076923,13.0,45.359352941176475,34.0,21.884188464285717,28.0,81.53386697297297,37.0,2.486169625,32.0,66.05900000000001,34.0,20.5,13.0
2024-10-03,12.707692307692307,13.0,49.44908823529412,34.0,17.287324,28.0,79.91801808108107,37.0,2.86744790625,32.0,72.824,34.0,24.0,13.0
2024-10-04,14.107692307692307,13.0,48.356911764705885,34.0,16.033016857142858,28.0,79.23367118918918,37.0,2.52721353125,32.0,81.353,34.0,22.7,13.0
2024-10-05,15.561538461538463,13.0,48.025970588235296,34.0,14.124383499999999,28.0,79.70090097297297,37.0,2.5361979375,32.0,73.235,34.0,28.4,13.0
2024-10-06,13.723076923076924,13.0,46.102,34.0,13.52981832142857,28.0,80.1978602972973,37.0,2.50143234375,32.0,71.529,34.0,25.0,13.0
2024-10-07,12.080357142857142,14.0,44.57091176470588,34.0,19.508817214285717,28.0,79.67457891891893,37.0,2.6645834062500002,32.0,64.64699999999999,34.0,21.8,14.0
2024-10-08,11.757142857142856,14.0,41.74741176470588,34.0,19.461458607142855,28.0,77.11790540540541,37.0,2.53258746875,32.0,55.176,34.0,21.4,14.0
2024-10-09,13.964285714285714,14.0,42.58417647058824,34.0,17.069814571428573,28.0,74.56497745945946,37.0,2.5266926875,32.0,57.76499999999999,34.0,28.2,14.0
2024-10-10,15.114285714285714,14.0,43.69035294117647,34.0,16.83377525,28.0,73.96396399999999,37.0,2.73020834375,32.0,62.765,34.0,32.9,14.0
2024-10-11,11.715714285714286,14.0,41.11526470588235,34.0,20.596975821428572,28.0,74.50157662162162,37.0,2.58333325,32.0,58.353,34.0,20.5,14.0
2024-10-12,10.125339384615385,13.0,39.14885294117647,34.0,15.691032071428571,28.0,72.19901954054053,37.0,2.65824909375,32.0,57.294,34.0,22.1,13.0
2024-10-13,8.941666666666666,12.0,39.242264705882356,34.0,11.055743035714286,28.0,68.76412041666667,36.0,2.6723118387096774,31.0,57.118,34.0,17.3,12.0
2024-10-14,9.422222230769231,13.0,35.6124705882353,34.0,11.100080571428572,28.0,68.24973724324325,37.0,2.8874763125,32.0,54.647,34.0,14.8,13.0
2024-10-15,12.219387785714286,14.0,38.13920588235294,34.0,11.818959259259259,27.0,68.24673427027027,37.0,2.71273675,32.0,54.059000000000005,34.0,19.8,14.0
2024-10-16,13.9,14.0,39.49470588235294,34.0,11.188218666666668,27.0,66.47046481081081,37.0,2.81266565625,32.0,60.882,34.0,23.4,14.0
2024-10-17,8.714285714285714,14.0,36.414500000000004,34.0,8.9985165,28.0,64.80214943243243,37.0,3.724349,32.0,49.882000000000005,34.0,18.6,14.0
2024-10-18,9.100892857142858,14.0,34.37897058823529,34.0,11.014096714285714,28.0,64.77849099999999,37.0,4.76523434375,32.0,46.824,34.0,16.6,14.0
2024-10-19,7.728571428571429,14.0,32.34048484848485,33.0,13.953384928571428,28.0,66.64549545945945,37.0,3.88984371875,32.0,46.235,33.0,13.7,14.0
2024-10-20,8.85,14.0,35.44296875,32.0,16.395669296296294,27.0,67.34752251351351,37.0,2.38854159375,32.0,47.412000000000006,32.0,16.1,14.0
2024-10-21,8.9,14.0,33.52170588235294,34.0,21.857019285714284,28.0,69.18536032432432,37.0,2.35182296875,32.0,48.647000000000006,34.0,20.7,14.0
2024-10-22,9.301428571428572,14.0,34.47164705882353,34.0,24.11599957142857,28.0,70.81754713513514,37.0,2.23128553125,32.0,50.528999999999996,34.0,16.0,14.0
2024-10-23,11.503809500000001,14.0,39.738735294117646,34.0,25.31223467857143,28.0,71.83607791891892,37.0,2.28477915625,32.0,66.071,34.0,20.5,14.0
2024-10-24,12.042857142857143,14.0,39.54667647058824,34.0,24.612694892857142,28.0,70.29059935135135,37.0,2.1792119375,32.0,66.353,34.0,20.4,14.0
2024-10-25,13.457142857142857,14.0,39.0795294117647,34.0,24.945120428571425,28.0,68.54358102702703,37.0,2.3252604375,32.0,64.765,34.0,24.3,14.0
2024-10-26,15.557142857142859,14.0,40.173,34.0,23.17907489285714,28.0,69.97094594594596,37.0,2.1419270625,32.0,58.647,34.0,35.1,14.0
2024-10-27,13.142857142857142,14.0,43.36970588235294,34.0,16.819214035714285,28.0,70.33479721621622,37.0,2.439713625,32.0,55.765,34.0,23.0,14.0
2024-10-28,7.664285714285714,14.0,32.673818181818184,33.0,10.045839214285715,28.0,64.06509008108108,37.0,4.15611984375,32.0,44.824000000000005,33.0,11.3,14.0
2024-10-29,6.385714285714286,14.0,29.790090909090907,33.0,11.162275642857143,28.0,58.69354191891892,37.0,3.16823475,32.0,43.235,33.0,9.8,14.0
2024-10-30,6.764285714285714,14.0,28.31190909090909,33.0,17.402596714285714,28.0,58.5905405945946,37.0,2.1817708749999998,32.0,44.0,33.0,10.1,14.0
2024-10-31,8.492857142857144,14.0,32.85630303030303,33.0,19.34065957142857,28.0,58.82934789189189,37.0,2.57395834375,32.0,52.588,33.0,13.3,14.0
2024-11-01,10.214285714285714,14.0,33.29060606060606,33.0,20.13194992857143,28.0,58.55270272972973,37.0,2.300651,32.0,55.705999999999996,33.0,15.1,14.0
2024-11-02,8.185714285714285,14.0,36.589969696969696,33.0,11.539075107142859,28.0,58.19358108108108,37.0,3.0464843125,32.0,47.235,33.0,12.0,14.0
2024-11-03,6.864285714285714,14.0,34.75760606060606,33.0,7.836700714285714,28.0,60.48761262162162,37.0,4.17695315625,32.0,41.294,33.0,10.6,14.0
2024-11-04,5.884615384615385,13.0,24.891333333333332,33.0,14.735157321428572,28.0,61.94166664864864,37.0,4.31731775,32.0,39.294000000000004,33.0,9.9,13.0
2024-11-05,6.9835164615384615,13.0,28.362411764705882,34.0,19.82587757142857,28.0,59.48563389189189,37.0,2.17185640625,32.0,43.471000000000004,34.0,11.2,13.0
2024-11-06,8.778787909090909,11.0,30.15877419354839,31.0,10.299683555555555,27.0,59.60082669444445,36.0,6.36548670967742,31.0,39.353,31.0,18.0,11.0
2024-11-07,5.61601725,12.0,22.717088235294117,34.0,14.486976035714287,28.0,58.59573078378378,37.0,4.47975271875,32.0,36.941,34.0,11.1,12.0
2024-11-08,8.991666666666667,12.0,20.83541176470588,34.0,22.17551957142857,28.0,57.33479732432433,37.0,2.17903646875,32.0,37.647,34.0,13.5,12.0
2024-11-09,13.327380916666668,12.0,25.852941176470587,34.0,23.479031428571428,28.0,58.9081081081081,37.0,2.03320315625,32.0,41.059,34.0,24.9,12.0
2024-11-10,18.990909090909092,11.0,30.185117647058828,34.0,21.88962157142857,28.0,60.19425672972973,37.0,2.03111978125,32.0,47.471,34.0,38.3,11.0
2024-11-11,15.989839545454545,11.0,38.27861764705882,34.0,19.565982499999997,28.0,58.692342378378385,37.0,3.0134114375,32.0,52.941,34.0,23.9,11.0
2024-11-12,8.48787881818182,11.0,28.137882352941176,34.0,15.43657957142857,28.0,57.98240172972973,37.0,2.9966974375,32.0,43.0,34.0,15.3,11.0
2024-11-13,7.35347225,12.0,23.060029411764702,34.0,22.825727607142856,28.0,58.70688632432432,37.0,2.20479403125,32.0,42.118,34.0,13.0,12.0
2024-11-14,10.0,12.0,33.47682352941177,34.0,21.21401978571429,28.0,58.404596594594594,37.0,2.6938919375,32.0,50.867000000000004,34.0,14.7,12.0
2024-11-15,6.617361083333333,12.0,30.796735294117646,34.0,9.2633205,28.0,54.151351297297296,37.0,3.7989583125,32.0,41.471000000000004,34.0,9.3,12.0
2024-11-16,9.03,10.0,26.602454545454545,33.0,12.5053195,28.0,51.88074327027027,37.0,2.9333334375,32.0,37.471,33.0,22.4,10.0
2024-11-17,8.26,10.0,25.344264705882352,34.0,13.627437392857143,28.0,53.64436935135135,37.0,3.051171875,32.0,41.0,34.0,17.7,10.0
2024-11-18,10.226573454545454,11.0,29.600294117647056,34.0,15.573992464285714,28.0,52.76341070270271,37.0,2.57916675,32.0,43.412,34.0,14.6,11.0
2024-11-19,10.236363636363636,11.0,23.071499999999997,34.0,19.677228392857142,28.0,53.78652205405405,37.0,2.27082565625,32.0,42.647,34.0,17.9,11.0
2024-11-20,9.71777775,12.0,22.489666666666665,33.0,24.56512357142857,28.0,55.13558564864865,37.0,2.07669265625,32.0,48.353,33.0,18.1,12.0
2024-11-21,11.341666666666667,12.0,22.50205882352941,34.0,28.69960751851852,27.0,57.11644143243243,37.0,1.9032551875000001,32.0,53.529,34.0,19.3,12.0
2024-11-22,14.383333333333333,12.0,26.654030303030304,33.0,29.399817962962963,27.0,57.36249997297298,37.0,2.157291625,32.0,54.940999999999995,33.0,27.0,12.0
2024-11-23,14.258333333333333,12.0,24.57355882352941,34.0,17.794631074074076,27.0,55.921283783783785,37.0,2.37109375,32.0,39.824,34.0,23.4,12.0
2024-11-24,5.191666666666666,12.0,23.99144117647059,34.0,8.496415,28.0,56.34059924324324,37.0,2.54797890625,32.0,41.882000000000005,34.0,8.0,12.0
2024-11-25,11.216666666666667,12.0,19.5355,32.0,20.491964821428574,28.0,56.76531535135135,37.0,1.91796871875,32.0,44.352999999999994,32.0,19.9,12.0
2024-11-26,7.481868153846154,13.0,20.236121212121212,33.0,17.355055785714285,28.0,60.190474783783785,37.0,2.31546603125,32.0,33.824,33.0,15.8,13.0
2024-11-27,8.168589769230769,13.0,21.381323529411766,34.0,12.792626925925926,27.0,60.25123878378378,37.0,2.13046871875,32.0,37.824000000000005,34.0,15.0,13.0
2024-11-28,8.008333333333333,12.0,30.42214705882353,34.0,10.174211925925924,27.0,58.461760000000005,37.0,3.6745908125,32.0,41.118,34.0,18.3,12.0
2024-11-29,8.391666666666667,12.0,22.520764705882353,34.0,16.959084851851852,27.0,56.24549548648649,37.0,2.67656240625,32.0,40.353,34.0,19.7,12.0
2024-11-30,8.225,12.0,21.304558823529412,34.0,19.953520814814812,27.0,58.68231981081081,37.0,2.318098875,32.0,42.235,34.0,16.4,12.0
2024-12-01,13.072727272727274,11.0,22.439441176470588,34.0,21.42269862962963,27.0,59.284684702702705,37.0,2.0009115,32.0,43.412,34.0,20.9,11.0
2024-12-02,14.366666666666667,12.0,20.216176470588238,34.0,27.574096,27.0,57.14707202702702,37.0,2.03372403125,32.0,41.294,34.0,29.6,12.0
2024-12-03,15.774999999999999,13.0,18.981,34.0,28.122046222222224,27.0,56.1889154054054,37.0,1.9192945625,32.0,41.706,34.0,33.0,13.0
2024-12-04,21.45384615384615,13.0,19.601117647058825,34.0,25.818939807692306,26.0,55.577222864864865,37.0,1.9411576875,32.0,41.529,34.0,42.3,13.0
2024-12-05,28.192307692307693,13.0,18.81394117647059,34.0,27.88180856,25.0,55.77466213513514,37.0,1.9786458125,32.0,41.235,34.0,59.6,13.0
2024-12-06,16.715384615384615,13.0,21.66842424242424,33.0,26.4574708,25.0,60.35900908108108,37.0,2.80507821875,32.0,41.235,33.0,33.1,13.0
2024-12-07,13.576923076923077,13.0,20.462352941176473,34.0,24.902022703703704,27.0,60.07398648648649,37.0,2.1292969375,32.0,42.25,34.0,30.5,13.0
2024-12-08,13.115384615384615,13.0,27.402939393939395,33.0,19.395308607142855,28.0,56.413063081081084,37.0,2.19179690625,32.0,45.765,33.0,28.5,13.0
2024-12-09,14.553846153846154,13.0,31.656878787878785,33.0,17.044047964285713,28.0,56.01547683783784,37.0,3.50013025,32.0,42.909000000000006,33.0,32.2,13.0
2024-12-10,8.083333333333334,12.0,25.40409375,32.0,17.621886222222223,27.0,55.44961324324324,37.0,4.5509398125,32.0,41.941,32.0,25.1,12.0
2024-12-11,8.455769230769231,13.0,16.20669696969697,33.0,26.504131392857143,28.0,52.055814864864864,37.0,2.40604884375,32.0,39.588,33.0,16.7,13.0
2024-12-12,10.324019583333333,12.0,24.82587878787879,33.0,21.930697642857144,28.0,50.370086,37.0,2.68828128125,32.0,39.412000000000006,33.0,19.6,12.0
2024-12-13,11.658333333333333,12.0,20.57528125,32.0,17.634695964285715,28.0,52.187837783783785,37.0,2.151041625,32.0,38.529,32.0,17.7,12.0
2024-12-14,12.491666666666667,12.0,26.9025,32.0,17.282285714285713,28.0,53.50540535135135,37.0,2.2285156875,32.0,41.647000000000006,32.0,20.1,12.0
2024-12-15,13.166666666666666,12.0,24.970625,32.0,15.01620732142857,28.0,52.43659913513513,37.0,2.15924484375,32.0,47.705999999999996,32.0,21.4,12.0
2024-12-16,11.537869846153846,13.0,20.70157575757576,33.0,25.628238,28.0,54.21328827027027,37.0,1.9889321875000001,32.0,43.176,33.0,22.6,13.0
2024-12-17,11.223076923076924,13.0,26.785441176470588,34.0,23.627447571428572,28.0,59.12240986486486,37.0,3.22044278125,32.0,43.882,34.0,20.2,13.0
2024-12-18,8.580769250000001,12.0,22.414617647058822,34.0,22.044765821428573,28.0,64.29523951351352,37.0,3.33729875,32.0,43.941,34.0,20.1,12.0
2024-12-19,8.712087923076924,13.0,19.863529411764706,34.0,25.413451892857143,28.0,60.54974537837838,37.0,2.04189875,32.0,44.941,34.0,14.7,13.0
2024-12-20,15.525,12.0,19.373,34.0,27.548300714285713,28.0,57.372184675675676,37.0,1.95989584375,32.0,48.118,34.0,29.5,12.0
2024-12-21,18.958333333333332,12.0,24.417060606060605,33.0,25.18261217857143,28.0,56.15551808108108,37.0,2.00416678125,32.0,51.588,33.0,41.8,12.0
2024-12-22,24.066666666666666,12.0,21.482735294117646,34.0,24.72934307142857,28.0,57.10202697297297,37.0,1.61484375,32.0,43.059,34.0,51.9,12.0
2024-12-23,20.00279723076923,13.0,19.64008823529412,34.0,24.335550178571427,28.0,58.53153156756756,37.0,1.78945309375,32.0,38.176,34.0,37.9,13.0
2024-12-24,16.800905,13.0,26.809941176470588,34.0,18.352980111111112,27.0,55.0910728918919,37.0,2.70130209375,32.0,42.588,34.0,37.6,13.0
2024-12-25,12.246153846153845,13.0,27.202411764705882,34.0,10.44264425,28.0,53.24065316216216,37.0,2.6502604375,32.0,43.528999999999996,34.0,27.6,13.0
2024-12-26,10.710256384615384,13.0,22.883029411764706,34.0,18.898335214285712,28.0,54.23384521621622,37.0,1.93141575,32.0,44.588,34.0,20.5,13.0
2024-12-27,10.201183461538461,13.0,19.99021212121212,33.0,16.404148107142856,28.0,55.08029283783784,37.0,2.18372384375,32.0,43.588,33.0,22.0,13.0
2024-12-28,16.838461538461537,13.0,18.016441176470586,34.0,16.389699285714286,28.0,55.26204954054054,37.0,1.58437496875,32.0,42.528999999999996,34.0,35.5,13.0
2024-12-29,21.207692307692305,13.0,23.667823529411766,34.0,16.215861464285716,28.0,54.25957208108108,37.0,2.1333333125,32.0,46.824,34.0,45.4,13.0
2024-12-30,18.276923076923076,13.0,21.16691176470588,34.0,16.89633975,28.0,54.303491,37.0,2.147499875,32.0,42.294,34.0,38.7,13.0
2024-12-31,25.16153846153846,13.0,22.796387096774193,31.0,20.402061214285713,28.0,51.776955378378375,37.0,1.94938440625,32.0,42.833000000000006,31.0,45.9,13.0
2025-01-01,31.292307692307688,13.0,22.213272727272727,33.0,19.43815522222222,27.0,53.89943689189189,37.0,2.17213540625,32.0,45.222,33.0,75.3,13.0
2025-01-02,17.138461538461538,13.0,20.93812121212121,33.0,24.628939962962964,27.0,56.55979721621622,37.0,2.040234375,32.0,45.352999999999994,33.0,33.1,13.0
2025-01-03,14.553846153846154,13.0,25.069176470588236,34.0,25.685041428571427,28.0,55.14155408108108,37.0,2.25898434375,32.0,47.940999999999995,34.0,25.7,13.0
2025-01-04,20.299999999999997,13.0,27.10205882352941,34.0,15.760059642857144,28.0,53.54932427027027,37.0,2.3036457812499997,32.0,46.0,34.0,44.1,13.0
2025-01-05,14.466666666666667,12.0,24.691666666666666,33.0,19.756944642857142,28.0,56.56476413513513,37.0,2.31274675,32.0,42.706,33.0,24.3,12.0
2025-01-06,9.038461538461538,13.0,24.481735294117648,34.0,23.38409139285714,28.0,57.25194386486486,37.0,2.20109371875,32.0,41.941,34.0,19.6,13.0
2025-01-07,9.015384615384615,13.0,38.40621875,32.0,9.568480178571429,28.0,56.748281351351345,37.0,7.80400253125,32.0,43.528999999999996,32.0,24.9,13.0
2025-01-08,16.91715976923077,13.0,29.74546875,32.0,10.035039607142858,28.0,57.32561221621622,37.0,7.187562625,32.0,42.6,32.0,92.9,13.0
2025-01-09,16.225,13.0,33.56835483870967,31.0,19.787383814814817,27.0,56.97476648648648,37.0,5.04249571875,32.0,45.8,31.0,74.2,13.0
2025-01-10,15.090384615384616,13.0,26.42621875,32.0,20.017783178571428,28.0,56.098359,37.0,3.573998,32.0,48.294,32.0,47.7,13.0
2025-01-11,13.792307692307693,13.0,35.62209090909091,33.0,17.78277992857143,28.0,54.525583567567566,37.0,4.1073864375,32.0,45.412,33.0,29.1,13.0
2025-01-12,5.75,12.0,31.59181818181818,33.0,8.272416142857143,28.0,53.73344589189189,37.0,5.43470053125,32.0,42.528999999999996,33.0,26.1,12.0
2025-01-13,4.1923076923076925,13.0,29.067757575757575,33.0,10.85289025,28.0,50.556713027777775,36.0,5.912768774193548,31.0,38.824,33.0,12.3,13.0
2025-01-14,6.052380916666666,12.0,26.21055882352941,34.0,16.512480142857143,28.0,51.56320194594594,37.0,4.64745265625,32.0,42.294,34.0,13.2,12.0
2025-01-15,5.583333333333333,12.0,27.71030303030303,33.0,18.476155928571426,28.0,54.34834944444444,36.0,4.0173153548387095,31.0,45.647,33.0,14.2,12.0
2025-01-16,7.733333333333333,12.0,25.23944117647059,34.0,22.687306,28.0,51.77884491891892,37.0,2.9088726875,32.0,43.706,34.0,12.5,12.0
2025-01-17,9.365384615384615,13.0,29.669588235294118,34.0,17.406802964285713,28.0,50.67736481081081,37.0,2.8856770625,32.0,49.059,34.0,13.7,13.0
2025-01-18,13.823076923076922,13.0,26.427264705882354,34.0,16.426394962962963,27.0,51.429391891891896,37.0,1.994791625,32.0,45.765,34.0,21.1,13.0
2025-01-19,17.207692307692305,13.0,33.20591176470588,34.0,15.310101111111111,27.0,49.34515764864865,37.0,2.2066406875,32.0,47.765,34.0,31.5,13.0
2025-01-20,12.312669692307692,13.0,37.922676470588236,34.0,10.046714148148148,27.0,52.93367116216216,37.0,5.8748698125,32.0,47.0,34.0,16.8,13.0
2025-01-21,6.1461538461538465,13.0,25.645911764705883,34.0,17.263634142857143,28.0,52.01589786486486,37.0,4.0848958125,32.0,46.471,34.0,12.6,13.0
2025-01-22,6.707692307692308,13.0,28.1205,34.0,20.894223928571428,28.0,57.127477459459456,37.0,4.18069371875,32.0,43.882,34.0,13.2,13.0
2025-01-23,5.748461538461539,13.0,30.931125,32.0,13.611067857142856,28.0,59.35325913513513,37.0,5.7736770625,32.0,46.294000000000004,32.0,19.2,13.0
2025-01-24,6.376923076923077,13.0,25.405090909090912,33.0,21.127989714285714,28.0,54.02612610810811,37.0,2.6755208125000003,32.0,46.765,33.0,9.8,13.0
2025-01-25,11.458461538461538,13.0,37.68627272727272,33.0,13.707562925925926,27.0,50.7411035945946,37.0,3.7316406250000003,32.0,48.353,33.0,15.8,13.0
2025-01-26,4.092307692307693,13.0,31.178333333333335,33.0,5.9838562500000005,28.0,48.03100756756757,37.0,2.6284136875,32.0,38.647,33.0,6.9,13.0
2025-01-27,5.123076923076923,13.0,21.29142424242424,33.0,12.231032535714286,28.0,47.06576578378379,37.0,2.33111978125,32.0,33.882000000000005,33.0,7.5,13.0
2025-01-28,9.815384615384614,13.0,25.17465625,32.0,15.28256342857143,28.0,47.673666540540545,37.0,2.428302125,32.0,38.471,32.0,13.9,13.0
2025-01-29,10.607692307692307,13.0,25.87830303030303,33.0,15.394225714285714,28.0,50.03622208108108,37.0,2.3186594375,32.0,43.294,33.0,17.1,13.0
2025-01-30,13.399999999999999,13.0,21.188030303030303,33.0,18.693266714285716,28.0,50.33558556756757,37.0,2.071875,32.0,44.706,33.0,21.0,13.0
2025-01-31,15.7,13.0,23.347545454545457,33.0,21.392008464285713,28.0,50.875440189189185,37.0,1.8852746875,32.0,49.0,33.0,27.7,13.0
2025-02-01,16.36923076923077,13.0,27.13790625,32.0,19.669958714285713,28.0,57.204398166666664,36.0,2.1208333548387097,31.0,43.941,32.0,35.7,13.0
2025-02-02,17.93846153846154,13.0,29.90259375,32.0,17.783609821428573,28.0,60.83504902702703,37.0,2.17188265625,32.0,43.941,32.0,36.0,13.0
2025-02-03,13.184615384615386,13.0,26.0643125,32.0,22.780367785714283,28.0,61.074774810810815,37.0,2.45455728125,32.0,45.941,32.0,28.1,13.0
2025-02-04,7.184615384615385,13.0,31.406333333333336,33.0,11.565748892857142,28.0,57.39669018918919,37.0,3.25180603125,32.0,41.706,33.0,13.6,13.0
2025-02-05,4.691666666666666,12.0,21.89139393939394,33.0,9.69657217857143,28.0,57.77072075675676,37.0,2.64843746875,32.0,37.412,33.0,8.4,12.0
2025-02-06,3.253846153846154,13.0,26.913090909090908,33.0,8.048446607142857,28.0,58.190765756756754,37.0,3.97174478125,32.0,38.235,33.0,8.5,13.0
2025-02-07,2.423076923076923,13.0,27.919,34.0,8.626090428571429,28.0,57.938738756756756,37.0,3.7494791875,32.0,39.824,34.0,6.0,13.0
2025-02-08,7.8307692307692305,13.0,26.406303030303032,33.0,12.123277107142856,28.0,54.26114862162162,37.0,2.27382815625,32.0,46.235,33.0,14.1,13.0
2025-02-09,9.853846153846153,13.0,29.908235294117645,34.0,14.161664678571428,28.0,55.592117108108106,37.0,2.3523436875,32.0,48.059,34.0,19.4,13.0
2025-02-10,8.215384615384615,13.0,38.120970588235295,34.0,12.943059571428572,28.0,52.44211708108108,37.0,3.2287760625,32.0,51.412,34.0,15.5,13.0
2025-02-11,6.753846153846154,13.0,34.28220588235294,34.0,9.716035214285714,28.0,51.610023027027026,37.0,4.3832978124999995,32.0,46.0,34.0,12.6,13.0
2025-02-12,4.2153846153846155,13.0,29.488029411764703,34.0,9.347362321428571,28.0,50.735585648648645,37.0,3.44127603125,32.0,41.175999999999995,34.0,7.9,13.0
2025-02-13,2.062820538461539,13.0,32.997617647058824,34.0,7.952559285714286,28.0,53.47230710810811,37.0,4.463219,32.0,41.882000000000005,34.0,4.9,13.0
2025-02-14,4.391666666666667,12.0,32.82876470588236,34.0,7.3321204642857145,28.0,54.367229783783785,37.0,4.90494790625,32.0,44.824000000000005,34.0,7.8,12.0
2025-02-15,6.7749999999999995,12.0,29.103764705882355,34.0,11.863394071428571,28.0,55.0283782972973,37.0,3.06588546875,32.0,46.176,34.0,12.9,12.0
2025-02-16,9.172727272727274,11.0,29.013764705882352,34.0,15.997647321428571,28.0,58.04867935135135,37.0,2.0092448125,32.0,48.529,34.0,17.2,11.0
2025-02-17,9.075000000000001,12.0,35.63035294117647,34.0,14.828858607142857,28.0,57.64907405555555,36.0,2.62708340625,32.0,50.235,34.0,16.1,12.0
2025-02-18,7.806111083333334,12.0,27.79720588235294,34.0,12.677843464285715,28.0,57.369675916666665,36.0,2.813151,32.0,46.235,34.0,13.0,12.0
2025-02-19,10.44,13.0,31.132363636363635,33.0,19.995719357142857,28.0,59.203224222222225,36.0,2.320572875,32.0,48.294,33.0,17.8,13.0
2025-02-20,9.4,13.0,34.10523529411765,34.0,16.933631785714287,28.0,60.50089436111111,36.0,3.4193655625,32.0,45.352999999999994,34.0,18.3,13.0
2025-02-21,7.441666666666666,12.0,32.271235294117645,34.0,15.428112642857144,28.0,61.323958277777784,36.0,3.4846354375,32.0,45.882,34.0,16.0,12.0
2025-02-22,9.3865385,12.0,31.194764705882356,34.0,17.50244382142857,28.0,60.065972166666675,36.0,2.26419265625,32.0,45.176,34.0,17.7,12.0
2025-02-23,10.541666666666666,12.0,36.56333333333333,33.0,18.117114285714287,28.0,62.174396083333335,36.0,2.22557165625,32.0,53.294000000000004,33.0,24.2,12.0
2025-02-24,11.266666666666666,12.0,37.743242424242425,33.0,21.92324792857143,28.0,64.55798611111112,36.0,2.40572915625,32.0,58.528999999999996,33.0,19.8,12.0
2025-02-25,9.075000000000001,12.0,35.13729411764706,34.0,19.854976071428574,28.0,65.10063683333334,36.0,2.56776753125,32.0,56.705999999999996,34.0,17.4,12.0
2025-02-26,9.805128230769231,13.0,32.62947058823529,34.0,20.821175571428572,28.0,66.28900469444444,36.0,2.9572690625,32.0,47.294000000000004,34.0,27.866667,13.0
2025-02-27,5.0,13.0,34.74444117647059,34.0,17.276170928571428,28.0,66.26438333333334,36.0,3.8879735625,32.0,51.647,34.0,13.2,13.0
2025-02-28,7.138461538461538,13.0,39.26873529411765,34.0,16.665847857142857,28.0,61.57418980555556,36.0,3.20716159375,32.0,48.705999999999996,34.0,10.9,13.0
2025-03-01,8.36923076923077,13.0,39.03114705882353,34.0,7.0085891785714285,28.0,58.225347166666666,36.0,4.07031246875,32.0,51.647,34.0,25.0,13.0
2025-03-02,5.015384615384615,13.0,39.62105882352941,34.0,4.693585857142857,28.0,54.35289352777778,36.0,5.63020828125,32.0,46.940999999999995,34.0,7.5,13.0
2025-03-03,4.753846153846154,13.0,31.557058823529413,34.0,8.72026917857143,28.0,51.90416666666667,36.0,4.26093753125,32.0,41.175999999999995,34.0,11.9,13.0
2025-03-04,6.261538461538462,13.0,31.112470588235297,34.0,11.122229107142857,28.0,55.527815297297295,37.0,2.8796875625,32.0,46.294000000000004,34.0,10.3,13.0
2025-03-05,7.415384615384616,13.0,34.45694117647059,34.0,15.41700382142857,28.0,52.864414405405405,37.0,2.7555989375,32.0,43.882,34.0,14.9,13.0
2025-03-06,3.1538461538461537,13.0,35.625352941176466,34.0,7.293310464285715,28.0,47.85213751351351,37.0,5.0269984375,32.0,45.705999999999996,34.0,6.2,13.0
2025-03-07,5.490598307692308,13.0,29.19638235294118,34.0,11.203484642857143,28.0,49.87849097297297,37.0,3.5105469375,32.0,44.471,34.0,9.7,13.0
2025-03-08,8.016666666666667,12.0,30.176529411764704,34.0,13.203344964285714,28.0,53.29481972972973,37.0,2.75351559375,32.0,43.117999999999995,34.0,13.1,12.0
2025-03-09,7.425,12.0,34.74564705882353,34.0,13.483611607142857,28.0,56.90945948648648,37.0,2.60703128125,32.0,49.647,34.0,13.5,12.0
2025-03-10,6.216666666666666,12.0,41.84994117647059,34.0,16.048406035714287,28.0,58.13063067567567,37.0,2.93880215625,32.0,56.059,34.0,12.2,12.0
2025-03-11,4.0346153846153845,13.0,31.162382352941176,34.0,10.761394642857143,28.0,53.63846954054054,37.0,2.8953125,32.0,46.529,34.0,6.8,13.0
2025-03-12,2.978022,13.0,40.12285294117647,34.0,9.386903178571428,28.0,54.380689675675676,37.0,4.06348253125,32.0,46.294000000000004,34.0,6.7,13.0
2025-03-13,2.4538461538461536,13.0,37.57723529411765,34.0,5.4507305,28.0,49.100688864864864,37.0,6.1552083125,32.0,44.117999999999995,34.0,4.8,13.0
2025-03-14,3.5384615384615383,13.0,28.918088235294118,34.0,10.947172857142858,28.0,46.50382878378379,37.0,3.17747390625,32.0,41.353,34.0,7.2,13.0
2025-03-15,7.576923076923077,13.0,33.723176470588236,34.0,9.697167285714286,28.0,52.84752254054054,37.0,2.79361978125,32.0,50.824,34.0,11.6,13.0
2025-03-16,9.5,13.0,37.641852941176474,34.0,12.018085964285714,28.0,56.54358105405405,37.0,2.49856759375,32.0,54.588,34.0,14.1,13.0
2025-03-17,8.407692307692308,13.0,37.13444117647059,34.0,11.40908025,28.0,56.195608081081076,37.0,4.1580729375,32.0,46.0,34.0,13.2,13.0
2025-03-18,4.614932153846154,13.0,33.326205882352944,34.0,10.567020392857144,28.0,54.566216189189184,37.0,3.74973946875,32.0,48.588,34.0,7.2,13.0
2025-03-19,4.584615384615384,13.0,33.8089705882353,34.0,16.124507535714287,28.0,59.05270272972973,37.0,2.55,32.0,48.765,34.0,7.9,13.0
2025-03-20,6.815384615384615,13.0,35.82902941176471,34.0,17.81980085714286,28.0,59.838200108108104,37.0,2.63098965625,32.0,55.118,34.0,12.3,13.0
2025-03-21,8.09120876923077,13.0,39.952323529411764,34.0,17.370157,28.0,62.207770270270274,37.0,2.66106778125,32.0,63.471,34.0,12.9,13.0
2025-03-22,9.174999999999999,12.0,44.095176470588235,34.0,12.565810357142857,28.0,62.94572067567567,37.0,2.7117188125,32.0,61.765,34.0,15.4,12.0
2025-03-23,10.9,11.0,37.503470588235295,34.0,9.947060285714286,28.0,64.72331078378379,37.0,2.7570313125,32.0,50.118,34.0,16.9,11.0
2025-03-24,10.497916666666667,12.0,35.805,34.0,15.041492321428573,28.0,69.35360362162162,37.0,2.686197875,32.0,49.412,34.0,18.2,12.0
2025-03-25,11.283333333333333,12.0,42.29473529411764,34.0,15.228368571428572,28.0,67.75567159459459,37.0,3.20653415625,32.0,56.353,34.0,21.6,12.0
2025-03-26,8.55846153846154,13.0,34.754147058823534,34.0,9.615164857142858,28.0,61.94809905405406,37.0,4.0167713124999995,32.0,54.142999999999994,34.0,16.46,13.0
2025-03-27,7.238461538461539,13.0,34.89690909090909,33.0,8.02663025,28.0,61.057903756756765,37.0,4.237073875,32.0,53.412,33.0,16.9,13.0
2025-03-28,7.507692307692308,13.0,39.670088235294116,34.0,6.921254214285715,28.0,59.23862616216217,37.0,4.569140625,32.0,51.941,34.0,17.5,13.0
2025-03-29,7.746153846153846,13.0,42.792352941176475,34.0,5.855838892857143,28.0,58.19538286486487,37.0,4.18450521875,32.0,56.0,34.0,9.3,13.0
2025-03-30,7.123076923076923,13.0,39.955029411764706,34.0,4.875332321428572,28.0,58.02128381081081,37.0,4.576953125,32.0,47.294000000000004,34.0,15.1,13.0
2025-03-31,4.643956076923077,13.0,36.415588235294116,34.0,6.29892725,28.0,59.506418945945946,37.0,4.3903646875,32.0,49.528999999999996,34.0,14.6,13.0
2025-04-01,5.769230769230769,13.0,39.760588235294115,34.0,6.861883148148149,27.0,55.266666648648645,37.0,5.756630806451613,31.0,49.059,34.0,8.4,13.0
2025-04-02,4.7153846153846155,13.0,39.05679411764706,34.0,6.686888071428571,28.0,53.11835586486487,37.0,5.126011933333333,30.0,46.824,34.0,7.0,13.0
2025-04-03,6.076923076923077,13.0,34.886529411764705,34.0,8.14995275,28.0,53.735059486486485,37.0,3.3184167333333336,30.0,44.765,34.0,9.5,13.0
2025-04-04,6.634615384615385,13.0,35.891735294117645,34.0,12.740255785714286,28.0,58.127012351351354,37.0,3.80537635483871,31.0,46.412,34.0,9.8,13.0
2025-04-05,5.625,12.0,38.34482352941176,34.0,11.058690321428571,28.0,63.05146391891892,37.0,3.9857527096774192,31.0,49.412,34.0,9.2,12.0
2025-04-06,6.7,12.0,42.617705882352936,34.0,12.0889505,28.0,65.15495491891892,37.0,3.066532258064516,31.0,57.528999999999996,34.0,10.7,12.0
2025-04-07,7.8,12.0,42.15611764705882,34.0,15.186184785714286,28.0,66.26692264864865,37.0,2.841403741935484,31.0,59.545,34.0,11.5,12.0
2025-04-08,8.770909071428571,14.0,42.32691176470588,34.0,15.435692035714284,28.0,67.8332207027027,37.0,2.54505209375,32.0,68.333,34.0,13.2,14.0
2025-04-09,10.142857142857142,14.0,45.14641176470588,34.0,16.690782821428574,28.0,70.8305984864865,37.0,2.677842625,32.0,67.471,34.0,16.6,14.0
2025-04-10,11.035714285714286,14.0,47.090970588235294,34.0,17.98382260714286,28.0,72.22657662162162,37.0,2.66002609375,32.0,71.706,34.0,19.0,14.0
2025-04-11,10.12142857142857,14.0,48.542352941176475,34.0,16.595660964285717,28.0,72.82623872972972,37.0,3.25325521875,32.0,67.471,34.0,18.2,14.0
2025-04-12,9.75,14.0,47.19885294117647,34.0,9.879326678571429,28.0,68.23243232432432,37.0,3.55546878125,32.0,60.412,34.0,19.2,14.0
2025-04-13,10.192857142857141,14.0,43.37790909090909,33.0,6.365399107142857,28.0,65.30619372972974,37.0,3.35364584375,32.0,57.706,33.0,18.4,14.0
2025-04-14,11.407142857142857,14.0,41.434939393939395,33.0,9.835547928571428,28.0,63.674887459459455,37.0,3.32851565625,32.0,61.0,33.0,20.1,14.0
2025-04-15,11.4,14.0,41.04909090909091,33.0,9.766851321428572,28.0,61.118274,37.0,3.30511359375,32.0,57.588,33.0,19.0,14.0
2025-04-16,9.014285714285714,14.0,42.03767647058823,34.0,7.808964035714285,28.0,58.46214464864865,37.0,4.40441353125,32.0,48.647000000000006,34.0,15.2,14.0
2025-04-17,5.535714285714286,14.0,37.581352941176476,34.0,7.559391678571428,28.0,56.74954951351352,37.0,4.32617190625,32.0,44.176,34.0,9.4,14.0
2025-04-18,6.950892857142857,14.0,34.65385294117647,34.0,7.7367455,28.0,56.85900899999999,37.0,4.065885375,32.0,51.528999999999996,34.0,18.7,14.0
2025-04-19,7.130769230769231,13.0,39.91873529411765,34.0,9.963109928571429,28.0,60.93533102702702,37.0,3.11430028125,32.0,55.235,34.0,10.7,13.0
2025-04-20,8.007692307692308,13.0,45.25611764705883,34.0,9.765038571428573,28.0,64.1014638918919,37.0,3.01809896875,32.0,63.58800000000001,34.0,12.0,13.0
2025-04-21,9.169230769230769,13.0,45.672970588235295,34.0,11.772968392857143,28.0,65.0763512972973,37.0,3.4563801874999998,32.0,65.176,34.0,14.0,13.0
2025-04-22,9.839880928571429,14.0,48.06197058823529,34.0,9.413380107142856,28.0,63.12646521621621,37.0,3.78326990625,32.0,64.353,34.0,15.3,14.0
2025-04-23,9.342857142857143,14.0,44.28426470588235,34.0,7.698707499999999,28.0,61.184234243243246,37.0,3.9942708125,32.0,57.471000000000004,34.0,13.1,14.0
2025-04-24,9.315079357142858,14.0,47.15755882352941,34.0,7.769400392857143,28.0,61.521763621621616,37.0,3.975781375,32.0,66.706,34.0,12.2,14.0
2025-04-25,6.8824176153846155,13.0,47.404852941176465,34.0,5.804100142857143,28.0,57.82319813513513,37.0,5.11171871875,32.0,54.0,34.0,12.4,13.0
2025-04-26,3.3083333333333336,12.0,42.69041176470588,34.0,5.159432142857143,28.0,53.49954948648649,37.0,4.30169278125,32.0,50.706,34.0,6.1,12.0
2025-04-27,3.2083333333333335,12.0,38.621147058823524,34.0,5.936091392857143,28.0,54.581531567567566,37.0,3.80234375,32.0,49.0,34.0,5.0,12.0
2025-04-28,5.543589769230769,13.0,35.81138235294117,34.0,9.0472515,28.0,59.955292729729734,37.0,3.1427083125,32.0,49.235,34.0,9.7,13.0
2025-04-29,8.197449,14.0,41.207,34.0,12.150274785714286,28.0,64.90880340540541,37.0,3.54160428125,32.0,57.706,34.0,11.9,14.0
2025-04-30,8.835714285714285,14.0,42.931558823529414,34.0,8.494332250000001,28.0,64.45820021621621,37.0,3.458842375,32.0,59.353,34.0,14.5,14.0
2025-05-01,8.364285714285714,14.0,42.95814705882353,34.0,8.09800125,28.0,64.38589713513514,37.0,3.6541988125000002,32.0,58.412,34.0,12.3,14.0
2025-05-02,10.157142857142857,14.0,46.27709090909091,33.0,8.92205375,28.0,65.93378381081081,37.0,3.6811198125,32.0,61.294000000000004,33.0,18.4,14.0
2025-05-03,8.892857142857142,14.0,38.587411764705884,34.0,6.66810775,28.0,62.67770275675676,37.0,3.5290364375,32.0,56.059,34.0,17.0,14.0
2025-05-04,6.014285714285714,14.0,33.513852941176474,34.0,4.472220214285715,28.0,57.61283781081081,37.0,4.18736975,32.0,44.647,34.0,14.1,14.0
2025-05-05,5.0928571428571425,14.0,32.87332352941176,34.0,6.575187535714286,28.0,59.01377094594594,37.0,3.3171875,32.0,46.75,34.0,10.6,14.0
2025-05-06,6.635714285714286,14.0,32.871,34.0,7.698998857142857,28.0,60.54712732432433,37.0,3.38040959375,32.0,49.175999999999995,34.0,10.2,14.0
2025-05-07,7.285714285714286,14.0,38.69238235294117,34.0,9.350846571428573,28.0,64.97180762162162,37.0,3.10775590625,32.0,58.471000000000004,34.0,11.9,14.0
2025-05-08,9.614285714285714,14.0,43.67114705882353,34.0,13.987369785714284,28.0,71.11293091891892,37.0,2.873245,32.0,60.882,34.0,16.2,14.0
2025-05-09,9.62857142857143,14.0,48.508647058823534,34.0,16.023912892857144,28.0,78.32533786486486,37.0,2.97799475,32.0,61.647,34.0,16.6,14.0
2025-05-10,8.764285714285714,14.0,55.958441176470586,34.0,12.593884785714286,28.0,82.15168927027027,37.0,3.28619790625,32.0,69.0,34.0,16.8,14.0
2025-05-11,9.242857142857144,14.0,53.437705882352944,34.0,9.464939821428572,28.0,78.36722962162162,37.0,3.54427071875,32.0,67.52900000000001,34.0,18.6,14.0
2025-05-12,8.35,14.0,46.24914705882353,34.0,5.71198825,28.0,66.91880632432432,37.0,5.26197921875,32.0,59.176,34.0,12.4,14.0
2025-05-13,5.321428571428571,14.0,39.85688235294118,34.0,5.1784818928571426,28.0,60.93869956756756,37.0,5.14652959375,32.0,52.941,34.0,9.3,14.0
2025-05-14,6.757142857142857,14.0,39.29709090909091,33.0,7.393914285714286,28.0,63.88655637837837,37.0,4.2083639375,32.0,52.882,33.0,11.3,14.0
2025-05-15,9.234873928571428,14.0,42.30964705882353,34.0,9.417241892857144,28.0,66.39590494594594,37.0,3.56403884375,32.0,63.235,34.0,15.2,14.0
2025-05-16,10.457142857142857,14.0,46.893911764705884,34.0,8.111769607142858,28.0,66.40484229729731,37.0,3.95143225,32.0,65.52900000000001,34.0,14.8,14.0
2025-05-17,8.842857142857143,14.0,38.631470588235295,34.0,4.483891535714286,28.0,61.33051808108109,37.0,5.403125,32.0,52.059000000000005,34.0,23.4,14.0
2025-05-18,7.028571428571428,14.0,40.66435294117647,34.0,4.691706678571428,28.0,64.44493243243244,37.0,3.9062499375,32.0,55.647000000000006,34.0,10.9,14.0
2025-05-19,9.471428571428572,14.0,45.328117647058825,34.0,10.855305964285716,28.0,71.12083335135135,37.0,3.22135421875,32.0,63.471,34.0,14.0,14.0
2025-05-20,10.757142857142856,14.0,50.523969696969694,33.0,12.968606607142858,28.0,75.6957851891892,37.0,3.136412625,32.0,67.29400000000001,33.0,18.8,14.0
2025-05-21,11.321428571428571,14.0,53.63064705882353,34.0,13.542081,28.0,76.5774325945946,37.0,3.3452049375,32.0,78.41199999999999,34.0,17.6,14.0
2025-05-22,11.657142857142857,14.0,51.12585294117647,34.0,10.230504392857142,28.0,74.56754305405406,37.0,3.8395436875,32.0,81.0,34.0,18.9,14.0
2025-05-23,13.178571428571429,14.0,49.083852941176474,34.0,7.613479857142857,28.0,71.03333321621622,37.0,4.2837239687499995,32.0,69.647,34.0,19.1,14.0
2025-05-24,10.5,14.0,46.94764705882353,34.0,4.296565642857143,28.0,68.2254504054054,37.0,4.53554690625,32.0,62.529,34.0,13.2,14.0
2025-05-25,10.014285714285714,14.0,45.87169696969697,33.0,4.417845357142857,28.0,68.55757732432433,37.0,4.1050409375,32.0,65.824,33.0,13.6,14.0
2025-05-26,10.542857142857143,14.0,47.24066666666667,33.0,5.486838321428571,28.0,68.6287162162162,37.0,3.82174484375,32.0,64.118,33.0,14.7,14.0
2025-05-27,9.885714285714286,14.0,47.58735294117647,34.0,6.589117535714286,28.0,69.90047008108108,37.0,3.9643681875,32.0,67.647,34.0,14.4,14.0
2025-05-28,10.328571428571427,14.0,46.72435294117647,34.0,8.028237285714285,28.0,69.01700945945946,37.0,3.83046878125,32.0,66.353,34.0,13.9,14.0
2025-05-29,9.728571428571428,14.0,48.36991176470588,34.0,9.070701285714286,28.0,71.83435702702702,37.0,3.32973484375,32.0,71.882,34.0,15.0,14.0
2025-05-30,9.892857142857142,14.0,47.50214705882353,34.0,11.582898857142856,28.0,78.27680178378378,37.0,3.31419271875,32.0,69.471,34.0,17.7,14.0
2025-05-31,13.721428571428572,14.0,52.036352941176474,34.0,9.99589567857143,28.0,79.05495491891892,37.0,3.547526,32.0,59.528999999999996,34.0,42.3,14.0
2025-06-01,8.02142857142857,14.0,45.084823529411764,34.0,6.468010678571429,28.0,76.43182863888889,36.0,3.988172,31.0,60.352999999999994,34.0,12.7,14.0
2025-06-02,6.007142857142857,14.0,37.67044117647059,34.0,7.151842785714286,28.0,72.43449077777778,36.0,4.110483967741936,31.0,54.235,34.0,10.0,14.0
2025-06-03,7.364285714285714,14.0,34.249117647058824,34.0,8.294776107142857,28.0,69.59139835135134,37.0,3.40955965625,32.0,53.117999999999995,34.0,11.3,14.0
2025-06-04,7.464285714285714,14.0,42.12164705882353,34.0,7.609841892857142,28.0,70.09594597297297,37.0,3.80476559375,32.0,61.824,34.0,11.0,14.0
2025-06-05,7.985714285714286,14.0,41.46658823529412,34.0,7.508434035714286,28.0,70.85313267567567,37.0,3.829805875,32.0,62.471,34.0,12.9,14.0
2025-06-06,9.730612214285713,14.0,43.46385294117647,34.0,8.195621821428572,28.0,71.41362621621622,37.0,3.69947915625,32.0,59.176,34.0,16.0,14.0
2025-06-07,10.746153846153845,13.0,43.723176470588236,34.0,6.497976607142857,28.0,71.96362618918918,37.0,3.58385415625,32.0,66.471,34.0,17.2,13.0
2025-06-08,10.569230769230769,13.0,44.982705882352946,34.0,6.49792075,28.0,73.7122685,36.0,3.52369796875,32.0,69.176,34.0,15.2,13.0
2025-06-09,10.846153846153847,13.0,46.956411764705884,34.0,8.4688105,28.0,74.84907411111111,36.0,3.61419271875,32.0,68.706,34.0,16.5,13.0
2025-06-10,11.243341928571429,14.0,50.85876470588236,34.0,8.808412607142857,28.0,76.5010183888889,36.0,3.53639246875,32.0,79.529,34.0,17.5,14.0
2025-06-11,11.835714285714285,14.0,52.2235,34.0,9.023482571428572,28.0,75.87623105555556,36.0,3.5303268125,32.0,81.941,34.0,18.6,14.0
2025-06-12,10.742857142857144,14.0,49.73826470588236,34.0,7.517113035714286,28.0,74.22491583333334,36.0,3.752971125,32.0,67.52900000000001,34.0,17.2,14.0
2025-06-13,11.828571428571427,14.0,51.9789705882353,34.0,8.157865464285715,28.0,74.71990241666667,36.0,3.38424478125,32.0,78.64699999999999,34.0,18.1,14.0
2025-06-14,12.63846153846154,13.0,53.705882352941174,34.0,8.071686714285715,28.0,77.03252316666666,36.0,3.088671875,32.0,73.412,34.0,20.2,13.0
2025-06-15,12.492307692307692,13.0,52.85629411764706,34.0,8.784438607142857,28.0,81.14872680555555,36.0,3.04596353125,32.0,74.35300000000001,34.0,20.4,13.0
2025-06-16,13.357142857142858,14.0,52.572382352941176,34.0,11.174966392857142,28.0,81.55891205555555,36.0,3.4161458125,32.0,73.647,34.0,22.4,14.0
2025-06-17,13.442857142857145,14.0,54.95393939393939,33.0,11.250247392857144,28.0,80.88431180555555,36.0,3.45804928125,32.0,86.529,33.0,20.6,14.0
2025-06-18,13.869523785714284,14.0,57.333,33.0,11.316482928571428,28.0,80.59756938888889,36.0,3.623697875,32.0,88.588,33.0,20.4,14.0
2025-06-19,13.299999999999999,14.0,52.13033333333333,33.0,8.14830842857143,28.0,77.14861113888888,36.0,4.18450525,32.0,78.059,33.0,17.0,14.0
2025-06-20,12.193265285714286,14.0,48.078147058823525,34.0,7.003848035714285,28.0,73.800926,36.0,4.41210934375,32.0,67.059,34.0,18.385714,14.0
2025-06-21,13.31858976923077,13.0,41.609058823529416,34.0,4.131148321428571,28.0,69.15185191666666,36.0,5.02734371875,32.0,56.059,34.0,29.7,13.0
2025-06-22,12.738461538461538,13.0,44.05705882352942,34.0,4.5593020357142855,28.0,71.06342591666666,36.0,3.9432291875,32.0,60.176,34.0,19.1,13.0
2025-06-23,12.86153846153846,13.0,43.278705882352945,34.0,5.871813892857142,28.0,70.52337955555555,36.0,4.222135375,32.0,59.941,34.0,17.0,13.0
2025-06-24,11.502976214285713,14.0,44.135970588235296,34.0,7.426531,28.0,70.41411033333333,36.0,3.8573879375,32.0,62.705999999999996,34.0,14.9,14.0
2025-06-25,11.457142857142857,14.0,51.10479411764706,34.0,8.83698742857143,28.0,74.11626980555555,36.0,3.43348209375,32.0,73.235,34.0,15.6,14.0
2025-06-26,11.371428571428572,14.0,53.26476470588235,34.0,9.187908785714285,28.0,75.82974536111111,36.0,3.4921875,32.0,79.765,34.0,14.9,14.0
2025-06-27,10.838520428571428,14.0,52.42191176470588,34.0,9.693710535714287,28.0,77.37758705555555,36.0,3.6171875,32.0,79.733,34.0,18.325,14.0
2025-06-28,10.233333333333333,12.0,53.11493939393939,33.0,7.888199307692308,26.0,79.17430558333334,36.0,3.31895834375,32.0,80.5,33.0,18.5,12.0
2025-06-29,9.130256384615384,13.0,43.02854545454545,33.0,8.070629703703704,27.0,80.28023817142858,35.0,3.5802083125,32.0,56.529,33.0,15.9,13.0
2025-06-30,8.46923076923077,13.0,41.50058823529412,34.0,10.153931428571429,28.0,79.53566174999999,36.0,4.035286375,32.0,59.765,34.0,16.1,13.0
2025-07-01,7.772527500000001,14.0,43.91088235294118,34.0,10.513655071428571,28.0,77.21776752777777,36.0,3.88458909375,32.0,72.235,34.0,12.4,14.0
2025-07-02,8.821428571428571,14.0,43.24891176470588,34.0,8.942863785714286,28.0,75.74540197222223,36.0,3.85544509375,32.0,63.824000000000005,34.0,12.3,14.0
2025-07-03,8.414285714285715,14.0,42.21326470588235,34.0,7.5951463214285715,28.0,75.42824072222223,36.0,4.01119803125,32.0,70.235,34.0,10.8,14.0
2025-07-04,20.964285714285715,14.0,45.20929411764706,34.0,6.513499321428571,28.0,77.05636569444444,36.0,3.58502596875,32.0,63.412,34.0,56.2,14.0
2025-07-05,23.157142857142855,14.0,44.64191176470588,34.0,7.549054285714286,28.0,78.18668980555555,36.0,3.4011718125,32.0,63.940999999999995,34.0,83.3,14.0
2025-07-06,10.042857142857143,14.0,46.38920588235294,34.0,7.272310892857143,28.0,78.09409719444444,36.0,3.58190109375,32.0,76.647,34.0,17.0,14.0
2025-07-07,11.042857142857143,14.0,47.09167647058823,34.0,8.814243178571429,28.0,77.75231480555556,36.0,3.7143230000000003,32.0,80.235,34.0,15.9,14.0
2025-07-08,9.185714285714285,14.0,46.03988235294118,34.0,11.861611642857143,28.0,80.30190122222221,36.0,3.3125946875,32.0,76.0,34.0,14.4,14.0
2025-07-09,8.042857142857143,14.0,48.50658823529412,34.0,12.859630214285714,28.0,83.48659416666666,36.0,3.8232053125,32.0,74.529,34.0,13.1,14.0
2025-07-10,9.085714285714285,14.0,51.741735294117646,34.0,12.484074464285714,28.0,82.89007780555556,36.0,3.52050184375,32.0,81.765,34.0,14.5,14.0
2025-07-11,11.071428571428571,14.0,48.56811764705883,34.0,8.192175678571429,28.0,78.72847219444445,36.0,3.95948821875,32.0,80.0,34.0,14.5,14.0
2025-07-12,10.728571428571428,14.0,47.621909090909085,33.0,6.4560206071428565,28.0,77.93714282857142,35.0,3.7130376451612905,31.0,72.0,33.0,15.4,14.0
2025-07-13,11.164285714285715,14.0,49.151272727272726,33.0,6.356482928571429,28.0,78.7171598857143,35.0,3.513844,31.0,71.471,33.0,14.9,14.0
2025-07-14,9.992857142857144,14.0,45.226454545454544,33.0,9.162547,28.0,78.3927381142857,35.0,3.5740591290322583,31.0,89.059,33.0,12.9,14.0
2025-07-15,7.171428571428572,14.0,38.95276470588235,34.0,7.624338392857142,28.0,76.66914758333333,36.0,4.0763960625,32.0,69.059,34.0,12.2,14.0
2025-07-16,5.442857142857143,14.0,36.02632352941176,34.0,7.313361214285714,28.0,76.30252116666666,36.0,3.8799525,32.0,64.0,34.0,8.7,14.0
2025-07-17,5.642857142857143,14.0,38.091382352941174,34.0,9.752087107142858,28.0,77.51832648648649,37.0,3.7153645625,32.0,57.824,34.0,8.9,14.0
2025-07-18,7.071428571428571,14.0,38.648117647058825,34.0,9.449332464285714,28.0,77.46183902702703,37.0,3.5639775937500002,32.0,58.528999999999996,34.0,10.8,14.0
2025-07-19,8.27142857142857,14.0,44.08311764705883,34.0,5.965119107142857,28.0,77.18840089189189,37.0,3.81119796875,32.0,63.765,34.0,10.8,14.0
2025-07-20,8.13076923076923,13.0,42.28382352941177,34.0,4.779060214285714,28.0,76.06871410810811,37.0,4.0021070000000005,32.0,66.64699999999999,34.0,10.2,13.0
2025-07-21,8.105612214285715,14.0,42.26814705882353,34.0,6.349835928571429,28.0,73.75608105405405,37.0,4.32695315625,32.0,61.471,34.0,17.878571,14.0
2025-07-22,6.45,14.0,39.844764705882355,34.0,6.880906107142857,28.0,73.35562751351351,37.0,4.0133168125,32.0,60.647,34.0,9.1,14.0
2025-07-23,7.107142857142857,14.0,38.12129411764706,34.0,7.454947821428571,28.0,74.61665643243244,37.0,3.6466974687500002,32.0,60.588,34.0,10.2,14.0
2025-07-24,5.55,14.0,35.770529411764706,34.0,9.806354666666666,27.0,75.07680178378378,37.0,3.6944010625,32.0,60.824000000000005,34.0,9.3,14.0
2025-07-25,4.778571428571429,14.0,34.934970588235295,34.0,8.137453185185185,27.0,72.70281524324324,37.0,4.0700520625,32.0,53.352999999999994,34.0,7.2,14.0
2025-07-26,5.314285714285715,14.0,37.721411764705884,34.0,5.748494555555555,27.0,71.97533783783784,37.0,3.65013028125,32.0,56.765,34.0,8.6,14.0
2025-07-27,6.45,14.0,40.23694117647059,34.0,6.402930851851852,27.0,74.18412167567568,37.0,3.7191406875,32.0,67.765,34.0,10.2,14.0
2025-07-28,7.828571428571429,14.0,42.019058823529406,34.0,8.555909333333334,27.0,75.19189186486487,37.0,3.63971359375,32.0,68.059,34.0,10.3,14.0
2025-07-29,8.864285714285714,14.0,44.95182352941177,34.0,10.093800964285714,28.0,76.75007832432433,37.0,3.41765746875,32.0,68.824,34.0,13.2,14.0
2025-07-30,9.257142857142856,14.0,42.39560606060606,33.0,10.615355500000001,28.0,78.2492118108108,37.0,3.53867184375,32.0,64.176,33.0,14.5,14.0
2025-07-31,9.828571428571427,14.0,42.722,34.0,11.258700142857142,28.0,78.67067705405405,37.0,3.43100140625,32.0,63.059000000000005,34.0,15.1,14.0
2025-08-01,9.764285714285714,14.0,42.8699090909091,33.0,9.768874357142858,28.0,77.99211716216216,37.0,3.5940105,32.0,60.0,33.0,14.3,14.0
2025-08-02,10.546153846153846,13.0,47.81835294117647,34.0,9.070289857142857,28.0,78.65664405405406,37.0,3.29557290625,32.0,70.765,34.0,15.7,13.0
2025-08-03,13.107692307692307,13.0,51.42073529411764,34.0,8.220245107142857,28.0,79.139527,37.0,3.4200520625,32.0,84.294,34.0,18.4,13.0
2025-08-04,18.560096153846153,13.0,51.062029411764705,34.0,10.352560892857143,28.0,78.62533786486487,37.0,3.39270834375,32.0,82.813,34.0,33.8,13.0
2025-08-05,17.202747285714285,14.0,47.920764705882355,34.0,11.247522107142856,28.0,80.20129237837838,37.0,3.1612554375,32.0,74.294,34.0,25.0,14.0
2025-08-06,17.407142857142855,14.0,53.355294117647055,34.0,13.436345178571429,28.0,82.78698677777778,36.0,3.038575258064516,31.0,72.353,34.0,26.3,14.0
2025-08-07,14.700000000000001,14.0,48.70805882352941,34.0,15.350874357142857,28.0,85.79054048648648,37.0,3.058203125,32.0,67.882,34.0,22.7,14.0
2025-08-08,11.62857142857143,14.0,42.60829411764706,34.0,13.18343157142857,28.0,83.96771086486486,37.0,3.32605346875,32.0,65.176,34.0,19.0,14.0
2025-08-09,12.044897928571428,14.0,42.56678787878788,33.0,9.136584214285714,28.0,81.71475218918918,37.0,3.32382815625,32.0,63.0,33.0,15.4,14.0
2025-08-10,11.701025615384616,13.0,41.9785,34.0,8.387147964285715,28.0,81.44504508108108,37.0,3.26664065625,32.0,60.765,34.0,14.5,13.0
2025-08-11,11.754166666666668,12.0,44.617303030303034,33.0,11.10859262962963,27.0,82.51087961111111,36.0,3.326881741935484,31.0,75.176,33.0,16.1,12.0
2025-08-12,11.527272727272727,11.0,46.95671875,32.0,9.699714888888888,27.0,81.03450125,36.0,3.4460043870967745,31.0,79.64699999999999,32.0,16.2,11.0
2025-08-13,12.420346615384615,13.0,48.12391176470588,34.0,8.678351392857143,28.0,79.28761267567567,37.0,3.54466153125,32.0,72.529,34.0,18.0,13.0
2025-08-14,12.669897928571428,14.0,50.81102941176471,34.0,8.162401642857143,28.0,77.54876127027026,37.0,3.619698625,32.0,75.824,34.0,17.7,14.0
2025-08-15,10.12857142857143,14.0,39.38988235294118,34.0,6.909561214285715,28.0,75.27729819444444,36.0,3.93234753125,32.0,71.588,34.0,13.8,14.0
2025-08-16,7.564285714285714,14.0,38.219764705882355,34.0,5.983953321428571,28.0,74.50185194444445,36.0,3.62760421875,32.0,51.117999999999995,34.0,10.2,14.0
2025-08-17,8.05,14.0,39.167911764705885,34.0,6.242893714285715,28.0,76.07766208333334,36.0,3.24361978125,32.0,54.705999999999996,34.0,12.0,14.0
2025-08-18,8.592857142857143,14.0,42.349529411764706,34.0,9.951637,28.0,78.47569447222222,36.0,3.249739625,32.0,70.824,34.0,13.6,14.0
2025-08-19,8.624725285714286,14.0,41.77205882352941,34.0,11.66314717857143,28.0,80.75088537837838,37.0,3.15910278125,32.0,76.529,34.0,13.946154,14.0
2025-08-20,9.142857142857142,14.0,46.58214705882352,34.0,13.689961464285714,28.0,83.4690564054054,37.0,2.9321513125,32.0,67.29400000000001,34.0,12.7,14.0
2025-08-21,10.585714285714285,14.0,50.895147058823525,34.0,14.725684142857144,28.0,86.53719283783784,37.0,3.0736624375,32.0,72.47099999999999,34.0,16.8,14.0
2025-08-22,11.971428571428572,14.0,44.99741176470588,34.0,13.482707428571429,28.0,86.76721505405406,37.0,2.8792969375,32.0,72.0,34.0,17.2,14.0
2025-08-23,11.145,14.0,44.006882352941176,34.0,11.102908535714286,28.0,83.24774772972974,37.0,2.81028646875,32.0,56.353,34.0,15.9,14.0
2025-08-24,10.224519230769232,13.0,45.958441176470586,34.0,8.96705892857143,28.0,84.33445951351352,37.0,3.247265625,32.0,66.0,34.0,16.1,13.0
2025-08-25,9.761904785714284,14.0,40.21208823529412,34.0,11.327102642857142,28.0,80.69787364864865,37.0,3.0958333125,32.0,56.588,34.0,14.8,14.0
2025-08-26,9.0,14.0,37.053,33.0,10.219779407407406,27.0,78.0324376111111,36.0,3.12040309375,32.0,59.0,33.0,12.5,14.0
2025-08-27,8.714285714285714,14.0,35.678363636363635,33.0,11.474757407407408,27.0,79.91493055555556,36.0,3.183073,32.0,50.294,33.0,13.7,14.0
2025-08-28,8.128571428571428,14.0,28.234181818181817,33.0,13.533532,28.0,77.72513464864865,37.0,2.55332625,32.0,47.882,33.0,12.7,14.0
2025-08-29,7.864285714285714,14.0,42.183454545454545,33.0,13.799074321428572,28.0,80.41245583783784,37.0,2.7680339375,32.0,67.52900000000001,33.0,11.5,14.0
2025-08-30,9.092857142857143,14.0,45.68445454545454,33.0,12.651308142857143,28.0,83.22635132432433,37.0,3.14023440625,32.0,68.294,33.0,11.7,14.0
2025-08-31,9.092857142857143,14.0,42.197848484848485,33.0,9.14633982142857,28.0,84.2843468918919,37.0,3.04311584375,32.0,59.412,33.0,11.2,14.0
2025-09-01,8.514285714285714,14.0,36.47239393939394,33.0,8.9076605,28.0,83.81002248648649,37.0,3.098437375,32.0,58.0,33.0,12.1,14.0
2025-09-02,8.485714285714286,14.0,36.7005,34.0,11.73574082142857,28.0,81.20326578378378,37.0,3.12669265625,32.0,51.416999999999994,34.0,12.3,14.0
2025-09-03,7.772449,14.0,42.08524242424243,33.0,11.490342,28.0,82.35775067567567,37.0,2.96293803125,32.0,71.882,33.0,12.2,14.0
2025-09-04,9.04642857142857,14.0,39.899121212121216,33.0,12.132280750000001,28.0,81.2305908888889,36.0,3.3251301875,32.0,57.0,33.0,14.7,14.0
2025-09-05,10.346153846153847,13.0,37.74794117647059,34.0,11.996763,28.0,79.03257852777777,36.0,3.169401,32.0,53.705999999999996,34.0,15.6,13.0
2025-09-06,8.7,13.0,40.785500000000006,34.0,10.326991607142856,28.0,79.5481481111111,36.0,3.10520828125,32.0,56.647000000000006,34.0,15.9,13.0
2025-09-07,7.476923076923077,13.0,39.50344117647059,34.0,9.489506928571428,28.0,80.80451394444444,36.0,3.059765625,32.0,55.882,34.0,13.0,13.0
2025-09-08,5.879487153846155,13.0,33.91982352941176,34.0,11.485431250000001,28.0,79.22476847222222,36.0,3.39270834375,32.0,53.059000000000005,34.0,11.0,13.0
2025-09-09,5.501587285714286,14.0,32.21835294117647,34.0,8.727569857142857,28.0,74.30098216666666,36.0,3.67217140625,32.0,48.705999999999996,34.0,8.422222,14.0
2025-09-10,5.221428571428571,14.0,31.989470588235296,34.0,6.119304964285715,28.0,72.02744063888889,36.0,4.12568509375,32.0,46.940999999999995,34.0,10.4,14.0
2025-09-11,5.35,14.0,32.06991176470588,34.0,7.882643,28.0,71.03506941666666,36.0,3.3335938125,32.0,47.294000000000004,34.0,8.7,14.0
2025-09-12,6.564285714285715,14.0,35.08664705882353,34.0,8.07155025,28.0,70.99282405555556,36.0,3.49440103125,32.0,48.059,34.0,9.8,14.0
2025-09-13,8.471428571428572,14.0,39.83564705882353,34.0,7.112918107142858,28.0,72.67534722222223,36.0,3.10833334375,32.0,58.824,34.0,11.9,14.0
2025-09-14,10.884615384615385,13.0,44.678176470588234,34.0,7.775566392857143,28.0,74.29513886111111,36.0,2.7834635,32.0,60.824000000000005,34.0,15.7,13.0
2025-09-15,12.461538461538462,13.0,46.83911764705882,34.0,12.690420321428572,28.0,77.23703705555556,36.0,2.55013021875,32.0,68.941,34.0,20.7,13.0
2025-09-16,11.73076923076923,13.0,38.886818181818185,33.0,15.45465525,28.0,81.60335655555555,36.0,2.78728690625,32.0,52.412,33.0,20.2,13.0
2025-09-17,8.046153846153846,13.0,33.97873529411765,34.0,12.441565214285715,28.0,80.38783781081081,37.0,3.24088534375,32.0,48.824,34.0,10.2,13.0
2025-09-18,6.707692307692308,13.0,29.932088235294117,34.0,9.883828071428571,28.0,74.78508124324324,37.0,2.93031021875,32.0,38.647,34.0,10.2,13.0
2025-09-19,5.846153846153846,13.0,27.33085294117647,34.0,9.039830214285715,28.0,75.60407967567566,37.0,2.74166659375,32.0,38.647,34.0,11.4,13.0
2025-09-20,7.138461538461538,13.0,33.906558823529416,34.0,8.939333928571429,28.0,76.20636572222222,36.0,2.846744875,32.0,49.0,34.0,13.2,13.0
2025-09-21,9.1,13.0,30.351294117647058,34.0,10.168539357142858,28.0,73.21099533333333,36.0,2.1687499687500003,32.0,52.528999999999996,34.0,14.8,13.0
2025-09-22,8.23076923076923,13.0,36.318970588235295,34.0,12.802269214285715,28.0,76.19361324324323,37.0,2.2058593125,32.0,49.706,34.0,16.1,13.0
2025-09-23,8.13406592857143,14.0,36.51873529411765,34.0,15.40412557142857,28.0,79.1528441891892,37.0,2.72845703125,32.0,48.0,34.0,14.8,14.0
2025-09-24,7.888961071428571,14.0,34.8235,34.0,12.176281428571428,28.0,78.88372237837838,37.0,3.2139205625000002,32.0,51.176,34.0,14.0,14.0
2025-09-25,7.671428571428572,14.0,33.468823529411765,34.0,9.2964015,28.0,73.66034578378378,37.0,3.86786896875,32.0,45.882,34.0,13.5,14.0
2025-09-26,5.757142857142857,14.0,33.428676470588236,34.0,6.270386428571428,28.0,70.63220721621622,37.0,3.7761718125,32.0,49.294,34.0,12.2,14.0
2025-09-27,6.071428571428571,14.0,35.34605882352941,34.0,5.865468571428572,28.0,69.93130635135135,37.0,2.99830725,32.0,43.647,34.0,10.1,14.0
2025-09-28,6.328571428571428,14.0,35.78032352941176,34.0,5.798631357142858,28.0,71.18231981081081,37.0,2.67513015625,32.0,52.706,34.0,10.8,14.0
2025-09-29,7.021428571428571,14.0,41.134,34.0,9.806075607142857,28.0,71.485473,37.0,3.05011834375,32.0,55.059,34.0,11.8,14.0
2025-09-30,7.692857142857143,14.0,36.26191176470588,34.0,8.486069785714285,28.0,70.3483108108108,37.0,3.33619796875,32.0,56.705999999999996,34.0,10.9,14.0
2025-10-01,6.658571428571428,14.0,33.89617647058824,34.0,10.391414178571427,28.0,70.69459459459459,37.0,2.852083375,32.0,61.471,34.0,11.3,14.0
2025-10-02,5.628571428571428,14.0,36.94129411764706,34.0,11.040818535714285,28.0,71.36753827027027,37.0,3.07450753125,32.0,54.882,34.0,11.4,14.0
2025-10-03,5.114285714285714,14.0,30.486294117647063,34.0,8.013700148148148,27.0,68.05630635135135,37.0,4.02747396875,32.0,43.528999999999996,34.0,9.0,14.0
2025-10-04,6.642857142857143,14.0,34.26476470588235,34.0,8.25866325,28.0,66.44617116216216,37.0,2.7701823125,32.0,44.824000000000005,34.0,11.5,14.0
2025-10-05,7.9306122142857145,14.0,35.506911764705876,34.0,9.457710535714286,28.0,68.25022529729729,37.0,2.57864590625,32.0,45.705999999999996,34.0,14.028571,14.0
2025-10-06,7.892307692307693,13.0,33.89108823529412,34.0,11.784950821428572,28.0,68.92390818918919,37.0,2.72499990625,32.0,45.647,34.0,15.2,13.0
2025-10-07,8.975714285714286,14.0,35.89885294117647,34.0,13.104974285714286,28.0,69.28526875675675,37.0,2.70332615625,32.0,51.117999999999995,34.0,17.6,14.0
2025-10-08,9.264285714285716,14.0,36.53161764705882,34.0,13.159868285714285,28.0,68.8221228918919,37.0,2.5950534375,32.0,58.941,34.0,18.7,14.0
2025-10-09,8.692857142857143,14.0,29.311529411764706,34.0,15.862490964285714,28.0,70.78259186486487,37.0,2.42744184375,32.0,42.882000000000005,34.0,18.8,14.0
2025-10-10,7.957142857142857,14.0,31.042411764705882,34.0,15.726316785714285,28.0,75.0266891891892,37.0,2.70842009375,32.0,45.352999999999994,34.0,15.1,14.0
2025-10-11,7.578571428571428,14.0,36.24735294117647,34.0,11.513103535714285,28.0,70.43524778378378,37.0,2.970026838709677,31.0,48.175999999999995,34.0,12.7,14.0
2025-10-12,7.542857142857143,14.0,40.59517647058823,34.0,10.177048071428572,28.0,66.94493248648648,37.0,2.729032258064516,31.0,57.353,34.0,12.6,14.0
2025-10-13,8.114285714285714,14.0,39.21623529411765,34.0,6.9060276428571425,28.0,62.862274756756754,37.0,4.913709709677419,31.0,47.471,34.0,11.0,14.0
2025-10-14,4.042857142857143,14.0,27.763352941176468,34.0,6.92015525,28.0,57.57950454054054,37.0,4.13153340625,32.0,40.882000000000005,34.0,6.8,14.0
2025-10-15,4.0928571428571425,14.0,27.46335294117647,34.0,10.921401428571428,28.0,58.937927378378376,37.0,2.6194381875,32.0,45.294000000000004,34.0,8.8,14.0
2025-10-16,6.828571428571428,14.0,27.60535294117647,34.0,17.194840035714286,28.0,62.595945918918915,37.0,2.487760375,32.0,42.175999999999995,34.0,11.0,14.0
2025-10-17,7.021428571428571,14.0,28.54414705882353,34.0,17.955285749999998,28.0,66.98704956756757,37.0,3.02708340625,32.0,43.059,34.0,11.7,14.0
2025-10-18,7.335714285714286,14.0,32.53291176470588,34.0,17.7423425,28.0,68.56373878378378,37.0,2.1208333125,32.0,49.175999999999995,34.0,11.5,14.0
2025-10-19,8.114285714285714,14.0,42.347764705882355,34.0,15.759008571428572,28.0,68.56700448648648,37.0,2.3983073125,32.0,64.176,34.0,14.3,14.0
2025-10-20,9.521428571428572,14.0,37.95123529411765,34.0,20.691723749999998,28.0,69.13228562162162,37.0,2.03164059375,32.0,62.235,34.0,15.2,14.0
2025-10-21,9.992857142857144,14.0,37.75547058823529,34.0,20.82934107142857,28.0,69.235546,37.0,2.34238046875,32.0,56.765,34.0,17.9,14.0
2025-10-22,8.1,14.0,31.06705882352941,34.0,11.233104428571428,28.0,65.31699432432433,37.0,3.6652579375,32.0,50.235,34.0,11.8,14.0
2025-10-23,7.9071428571428575,14.0,27.884235294117644,34.0,14.006448714285714,28.0,65.1756142972973,37.0,2.55735090625,32.0,42.765,34.0,12.4,14.0
2025-10-24,10.907142857142857,14.0,35.74158823529412,34.0,16.750190285714286,28.0,68.14121624324324,37.0,2.3540322903225803,31.0,48.059,34.0,20.4,14.0
2025-10-25,14.921428571428573,14.0,39.9775294117647,34.0,12.761776535714286,28.0,66.09290537837838,37.0,2.486962483870968,31.0,56.0,34.0,29.5,14.0
2025-10-26,14.307142857142859,14.0,38.17305882352941,34.0,10.411261857142858,28.0,64.73524778378379,37.0,2.575000064516129,31.0,50.588,34.0,26.0,14.0
2025-10-27,13.049999999999999,14.0,30.812617647058822,34.0,14.748888321428572,28.0,65.67252429729729,37.0,2.0914756451612906,31.0,44.765,34.0,27.0,14.0
2025-10-28,10.007142857142856,14.0,31.39102941176471,34.0,19.878244428571428,28.0,72.18475640540541,37.0,3.0240957419354837,31.0,44.117999999999995,34.0,19.3,14.0
2025-10-29,6.757142857142857,14.0,26.567757575757575,33.0,22.34660757142857,28.0,73.04167283783784,37.0,2.49747875,32.0,47.412000000000006,33.0,15.1,14.0
2025-10-30,7.957142857142857,14.0,32.92575757575757,33.0,23.334225857142858,28.0,71.53443745945947,37.0,2.25169271875,32.0,51.706,33.0,14.3,14.0
2025-10-31,10.258290785714285,14.0,33.69394117647059,34.0,18.832967357142856,28.0,67.62590094594594,37.0,2.220963625,32.0,61.352999999999994,34.0,19.2,14.0
2025-11-01,14.946153846153846,13.0,37.809735294117644,34.0,16.951237535714288,28.0,66.9890765945946,37.0,2.19075525,32.0,57.059,34.0,30.5,13.0
2025-11-02,16.207692307692305,13.0,37.60029411764706,34.0,14.974044178571429,28.0,66.88907662162161,37.0,2.2309895625,32.0,50.176,34.0,36.5,13.0
2025-11-03,13.8,13.0,34.7939393939394,33.0,17.398197035714286,28.0,65.74662164864864,37.0,2.30130209375,32.0,51.353,33.0,27.5,13.0
2025-11-04,12.947252714285714,14.0,34.39060606060605,33.0,17.751904,28.0,64.8921171081081,37.0,2.28815109375,32.0,48.824,33.0,23.2,14.0
2025-11-05,8.928571428571429,14.0,28.91540625,32.0,11.770548785714285,28.0,63.69772332432433,37.0,2.85638021875,32.0,45.587999999999994,32.0,19.2,14.0
2025-11-06,7.7,14.0,26.627323529411765,34.0,14.698526892857144,28.0,63.45106178378378,37.0,2.279445625,32.0,44.941,34.0,14.3,14.0
2025-11-07,9.909285714285714,14.0,26.579705882352943,34.0,18.084861464285716,28.0,66.70656227027027,37.0,2.18463421875,32.0,43.176,34.0,19.5,14.0
2025-11-08,12.523076923076925,13.0,32.74154545454545,33.0,14.794204185185185,27.0,67.54572072972974,37.0,2.264713625,32.0,46.0,33.0,24.8,13.0
2025-11-09,12.353846153846153,13.0,27.962575757575756,33.0,14.447055037037037,27.0,69.8083332972973,37.0,2.5851563125,32.0,39.824,33.0,23.5,13.0
2025-11-10,9.015384615384615,13.0,23.593545454545453,33.0,21.359208074074076,27.0,69.95450448648648,37.0,2.166536375,32.0,43.0,33.0,17.3,13.0
2025-11-11,10.107692307692307,13.0,25.231727272727273,33.0,22.550591,27.0,67.79876124324323,37.0,1.9341145,32.0,50.882,33.0,18.4,13.0
2025-11-12,14.507792214285715,14.0,22.00735294117647,34.0,24.63918817857143,28.0,66.92551186486486,37.0,1.8328006875,32.0,49.118,34.0,36.0,14.0
2025-11-13,11.52142857142857,14.0,29.424242424242426,33.0,17.51808917857143,28.0,67.4721027027027,37.0,2.68906253125,32.0,42.818000000000005,33.0,23.0,14.0
2025-11-14,6.029047642857143,14.0,15.259705882352943,34.0,10.996391714285712,28.0,62.473407243243244,37.0,2.4059375,32.0,26.118,34.0,10.9,14.0
2025-11-15,3.0307692307692307,13.0,31.689484848484845,33.0,7.273352571428572,28.0,58.56942397297297,37.0,2.56101559375,32.0,41.882000000000005,33.0,7.7,13.0
2025-11-16,2.6984615384615385,13.0,32.30524242424243,33.0,5.66555775,28.0,55.838078555555555,36.0,2.6878125,32.0,41.824,33.0,7.1,13.0
2025-11-17,2.3615384615384616,13.0,31.40287878787879,33.0,7.336893178571429,28.0,56.12939819444445,36.0,2.9692150625,32.0,41.0,33.0,5.4,13.0
2025-11-18,5.0444444285714285,14.0,21.89079411764706,34.0,12.65273807142857,28.0,52.16370497222223,36.0,2.34091775,32.0,37.294000000000004,34.0,8.7,14.0
2025-11-19,7.685714285714285,14.0,21.542060606060605,33.0,14.413645357142856,28.0,52.265277777777776,36.0,2.1913589375,32.0,36.706,33.0,14.5,14.0
2025-11-20,7.495089285714286,14.0,32.070794117647054,34.0,11.221593321428571,28.0,52.01389941666667,36.0,2.93007821875,32.0,42.294,34.0,12.5,14.0
2025-11-21,3.3153846153846156,13.0,29.57164705882353,34.0,7.699470678571429,28.0,54.08761575,36.0,3.74720046875,32.0,40.294000000000004,34.0,5.8,13.0
2025-11-22,5.461538461538462,13.0,23.56190909090909,33.0,11.149416571428572,28.0,57.14270830555555,36.0,3.4161289999999997,31.0,35.176,33.0,17.5,13.0
2025-11-23,9.076923076923077,13.0,21.307454545454544,33.0,12.95535188888889,27.0,57.76145830555556,36.0,2.007123612903226,31.0,36.706,33.0,16.5,13.0
2025-11-24,11.4113095,14.0,21.150545454545455,33.0,17.451337703703704,27.0,57.00729166666666,36.0,1.5450269032258064,31.0,43.882,33.0,18.3,14.0
2025-11-25,10.35,14.0,22.74009375,32.0,20.706349481481478,27.0,59.91526124999999,36.0,2.0110215161290323,31.0,43.588,32.0,19.8,14.0
2025-11-26,7.621428571428571,14.0,23.07034375,32.0,20.6900757037037,27.0,62.19609633333333,36.0,2.436950193548387,31.0,42.824,32.0,16.5,14.0
2025-11-27,9.814285714285715,14.0,21.737156249999998,32.0,17.250655703703703,27.0,61.487032,36.0,1.9762096774193547,31.0,40.353,32.0,21.2,14.0
2025-11-28,11.885714285714286,14.0,27.950090909090907,33.0,17.125145814814815,27.0,58.82669755555556,36.0,1.9126344516129032,31.0,51.647,33.0,25.6,14.0
2025-11-29,14.12857142857143,14.0,27.065909090909088,33.0,17.78364988888889,27.0,57.01619048571429,35.0,1.7490591935483872,31.0,47.940999999999995,33.0,27.9,14.0
2025-11-30,17.742857142857144,14.0,32.846117647058826,34.0,14.433704851851852,27.0,55.51297617142857,35.0,2.0209677741935486,31.0,48.175999999999995,34.0,37.3,14.0
2025-12-01,13.549285714285714,14.0,23.383411764705883,34.0,17.594408185185184,27.0,56.37404768571428,35.0,2.4749999375,32.0,39.059000000000005,34.0,25.1,14.0
2025-12-02,9.421428571428573,14.0,24.450969696969697,33.0,20.590863666666664,27.0,53.88296531428572,35.0,2.09779825,32.0,41.059,33.0,17.4,14.0
2025-12-03,10.142857142857142,14.0,27.23981818181818,33.0,15.509314346153845,26.0,55.64321434285714,35.0,3.5231059393939392,33.0,40.0,33.0,16.8,14.0
2025-12-04,5.235714285714286,14.0,21.887515151515153,33.0,17.172701185185186,27.0,55.52881411111111,36.0,3.0634114375,32.0,39.705999999999996,33.0,12.1,14.0
2025-12-05,8.164285714285715,14.0,17.783382352941175,34.0,23.403790666666666,27.0,54.43483805555556,36.0,2.1827344375,32.0,38.941,34.0,15.3,14.0
2025-12-06,11.535714285714286,14.0,20.024454545454546,33.0,21.694418185185185,27.0,55.90983791666667,36.0,1.87421865625,32.0,39.059000000000005,33.0,27.4,14.0
2025-12-07,13.87142857142857,14.0,20.914484848484847,33.0,20.93661859259259,27.0,58.01307869444444,36.0,1.77421875,32.0,39.412000000000006,33.0,28.8,14.0
2025-12-08,9.735714285714286,14.0,22.25869696969697,33.0,21.522858518518518,27.0,61.155787,36.0,2.514931375,32.0,41.824,33.0,21.6,14.0
2025-12-09,7.5102040714285705,14.0,19.105314285714286,35.0,24.41928475,28.0,62.341606250000005,36.0,2.3172892424242426,33.0,44.0,35.0,15.5,14.0
2025-12-10,9.46923076923077,13.0,17.018857142857144,35.0,25.16136576923077,26.0,63.672822,36.0,2.3960261515151515,33.0,38.059000000000005,35.0,15.2,13.0
2025-12-11,11.703418769230769,13.0,15.961970588235294,34.0,26.355650269230768,26.0,62.94384469444444,36.0,2.1798209696969693,33.0,35.412,34.0,20.8,13.0
2025-12-12,16.333333333333332,12.0,15.44437142857143,35.0,26.228124192307693,26.0,61.20532408333333,36.0,2.047474727272727,33.0,34.824,35.0,27.4,12.0
2025-12-13,27.433333333333334,12.0,18.370742857142858,35.0,21.82372073076923,26.0,58.83953880555556,36.0,2.059702818181818,33.0,36.23500000000001,35.0,50.9,12.0
2025-12-14,25.941666666666666,12.0,18.392914285714284,35.0,17.408507423076923,26.0,58.56990744444445,36.0,1.9550505151515152,33.0,36.294,35.0,66.3,12.0
2025-12-15,18.782051307692306,13.0,16.14991176470588,34.0,21.660964807692306,26.0,58.62175930555556,36.0,2.0394399393939393,33.0,40.0,34.0,45.1,13.0
2025-12-16,17.047008538461537,13.0,15.64548484848485,33.0,26.074774961538463,26.0,59.78128108333333,36.0,1.9853271515151514,33.0,40.059,33.0,29.2,13.0
2025-12-17,26.424999999999997,12.0,18.878771428571426,35.0,23.74520446153846,26.0,61.05097562857142,35.0,2.219563625,32.0,40.059,35.0,45.3,12.0
2025-12-18,23.616666666666664,12.0,16.988714285714288,35.0,27.101118192307695,26.0,62.16550936111111,36.0,1.757482696969697,33.0,40.294000000000004,35.0,42.6,12.0
2025-12-19,15.418681307692308,13.0,26.36037142857143,35.0,24.56397788888889,27.0,61.630208305555556,36.0,2.2955807878787877,33.0,47.705999999999996,35.0,27.0,13.0
2025-12-20,15.438461538461537,13.0,23.107485714285712,35.0,16.107717814814816,27.0,59.180671305555556,36.0,2.1547980606060606,33.0,40.824,35.0,28.8,13.0
2025-12-21,18.984615384615385,13.0,22.68062857142857,35.0,16.920507666666666,27.0,60.03159716666667,36.0,2.0761718125,32.0,41.059,35.0,35.6,13.0
2025-12-22,18.16923076923077,13.0,17.0034,35.0,22.795864333333334,27.0,60.14370977777779,36.0,1.6665403636363636,33.0,39.294000000000004,35.0,33.6,13.0
2025-12-23,12.617978923076922,13.0,21.296142857142858,35.0,14.766967333333334,27.0,57.231712972222226,36.0,2.947161818181818,33.0,36.824000000000005,35.0,24.3,13.0
2025-12-24,5.679166666666667,12.0,25.894764705882352,34.0,7.811287222222222,27.0,58.40439819444445,36.0,4.359343484848485,33.0,41.175999999999995,34.0,12.3,12.0
2025-12-25,4.527272727272727,11.0,33.27167647058824,34.0,5.207285615384616,26.0,58.07416665714286,35.0,3.58046875,32.0,45.235,34.0,9.6,11.0
2025-12-26,4.209090909090909,11.0,28.516911764705885,34.0,7.895643846153846,26.0,54.533571342857144,35.0,2.63138021875,32.0,40.588,34.0,6.9,11.0
2025-12-27,8.191666666666666,12.0,24.150628571428573,35.0,11.404025740740742,27.0,51.23299661111111,36.0,2.3382230909090906,33.0,40.412,35.0,17.4,12.0
2025-12-28,8.899999999999999,11.0,27.776794117647057,34.0,11.74613042857143,28.0,52.7471065,36.0,3.5781565454545454,33.0,39.412000000000006,34.0,20.6,11.0
2025-12-29,4.464583333333334,12.0,28.915971428571428,35.0,11.604156714285713,28.0,56.39120372222222,36.0,5.623863666666667,33.0,40.824,35.0,10.2,12.0
2025-12-30,6.025000000000001,12.0,19.3452,35.0,17.34960017857143,28.0,59.65923825000001,36.0,3.268767303030303,33.0,36.528999999999996,35.0,18.1,12.0
2025-12-31,6.4280219999999995,13.0,19.0532,35.0,15.461470642857142,28.0,56.060879666666665,36.0,2.461363636363636,33.0,33.333,35.0,12.2,13.0
